,Crop
0,13
1,15
2,9
3,0
4,5
5,9
6,0
7,14
8,0
9,15
10,5
11,11
12,5
13,0
14,11
15,15
16,15
17,11
18,14
19,2
20,15
21,5
22,15
23,0
24,9
25,6
26,15
27,14
28,15
29,11
30,6
31,6
32,5
33,11
34,11
35,11
36,6
37,4
38,0
39,5
40,9
41,8
42,15
43,13
44,13
45,0
46,9
47,15
48,15
49,14
50,15
51,0
52,5
53,15
54,11
55,15
56,6
57,15
58,12
59,11
60,11
61,11
62,11
63,5
64,4
65,11
66,14
67,0
68,0
69,7
70,9
71,0
72,0
73,15
74,15
75,4
76,14
77,9
78,4
79,4
80,15
81,11
82,5
83,4
84,0
85,14
86,5
87,6
88,0
89,11
90,0
91,15
92,11
93,11
94,15
95,15
96,6
97,0
98,11
99,0
100,15
101,11
102,0
103,15
104,9
105,15
106,9
107,0
108,9
109,11
110,11
111,11
112,11
113,9
114,11
115,15
116,15
117,3
118,11
119,7
120,15
121,8
122,9
123,4
124,12
125,14
126,0
127,11
128,15
129,14
130,0
131,15
132,6
133,9
134,15
135,6
136,15
137,11
138,11
139,11
140,0
141,15
142,6
143,0
144,11
145,5
146,15
147,0
148,4
149,11
150,15
151,11
152,11
153,11
154,15
155,15
156,11
157,1
158,0
159,6
160,11
161,9
162,11
163,6
164,15
165,15
166,14
167,2
168,9
169,11
170,11
171,0
172,3
173,11
174,10
175,14
176,11
177,11
178,2
179,11
180,15
181,8
182,1
183,9
184,0
185,7
186,11
187,3
188,6
189,15
190,0
191,15
192,5
193,15
194,11
195,9
196,5
197,15
198,15
199,15
200,5
201,5
202,15
203,11
204,11
205,0
206,15
207,9
208,8
209,12
210,15
211,15
212,15
213,11
214,11
215,2
216,0
217,15
218,3
219,9
220,15
221,0
222,4
223,11
224,15
225,6
226,0
227,0
228,4
229,11
230,11
231,5
232,9
233,5
234,0
235,11
236,11
237,0
238,6
239,5
240,5
241,0
242,0
243,2
244,11
245,4
246,15
247,10
248,15
249,4
250,15
251,0
252,6
253,0
254,15
255,3
256,4
257,6
258,15
259,12
260,8
261,0
262,9
263,2
264,11
265,5
266,3
267,14
268,2
269,11
270,5
271,11
272,9
273,11
274,5
275,5
276,0
277,10
278,15
279,9
280,0
281,12
282,0
283,6
284,11
285,5
286,11
287,11
288,1
289,15
290,5
291,12
292,11
293,15
294,6
295,15
296,2
297,0
298,6
299,0
300,11
301,11
302,9
303,0
304,11
305,5
306,6
307,11
308,5
309,15
310,15
311,11
312,11
313,6
314,11
315,1
316,15
317,11
318,15
319,0
320,11
321,6
322,11
323,15
324,0
325,15
326,10
327,6
328,11
329,6
330,6
331,9
332,0
333,3
334,10
335,6
336,5
337,11
338,6
339,4
340,11
341,9
342,0
343,11
344,5
345,0
346,6
347,11
348,11
349,0
350,6
351,4
352,0
353,0
354,8
355,15
356,15
357,0
358,11
359,5
360,15
361,11
362,5
363,9
364,11
365,0
366,5
367,11
368,15
369,2
370,9
371,14
372,15
373,11
374,7
375,0
376,9
377,11
378,2
379,11
380,6
381,3
382,12
383,0
384,13
385,11
386,11
387,6
388,11
389,11
390,0
391,5
392,6
393,6
394,15
395,1
396,5
397,5
398,9
399,14
400,5
401,12
402,5
403,3
404,11
405,8
406,0
407,15
408,11
409,15
410,11
411,11
412,15
413,15
414,0
415,4
416,15
417,11
418,9
419,11
420,15
421,5
422,11
423,0
424,6
425,6
426,8
427,11
428,13
429,11
430,15
431,12
432,15
433,6
434,0
435,15
436,15
437,15
438,15
439,10
440,5
441,15
442,9
443,2
444,11
445,11
446,11
447,4
448,3
449,0
450,11
451,15
452,14
453,0
454,5
455,1
456,13
457,11
458,6
459,0
460,12
461,9
462,14
463,11
464,0
465,1
466,11
467,9
468,11
469,4
470,0
471,5
472,0
473,0
474,11
475,8
476,15
477,0
478,15
479,11
480,15
481,11
482,11
483,13
484,11
485,6
486,14
487,15
488,5
489,11
490,15
491,5
492,15
493,4
494,6
495,1
496,9
497,5
498,11
499,6
500,4
501,11
502,9
503,11
504,0
505,0
506,6
507,11
508,6
509,11
510,5
511,15
512,11
513,9
514,6
515,11
516,0
517,8
518,0
519,14
520,11
521,4
522,0
523,11
524,0
525,9
526,11
527,8
528,11
529,15
530,11
531,12
532,11
533,15
534,0
535,6
536,15
537,11
538,5
539,2
540,0
541,15
542,11
543,5
544,0
545,15
546,11
547,15
548,15
549,0
550,15
551,11
552,0
553,0
554,11
555,9
556,5
557,0
558,11
559,0
560,4
561,0
562,11
563,8
564,8
565,0
566,7
567,11
568,11
569,15
570,15
571,8
572,0
573,12
574,11
575,11
576,3
577,11
578,9
579,11
580,0
581,11
582,5
583,11
584,1
585,11
586,5
587,0
588,6
589,9
590,15
591,1
592,1
593,6
594,15
595,9
596,11
597,5
598,11
599,4
600,11
601,1
602,0
603,15
604,11
605,3
606,11
607,0
608,15
609,11
610,3
611,2
612,3
613,14
614,9
615,0
616,9
617,15
618,15
619,3
620,11
621,15
622,3
623,5
624,9
625,11
626,2
627,5
628,1
629,6
630,11
631,11
632,0
633,0
634,8
635,5
636,15
637,0
638,15
639,9
640,9
641,12
642,8
643,15
644,5
645,9
646,15
647,0
648,11
649,9
650,15
651,11
652,6
653,0
654,15
655,11
656,9
657,3
658,5
659,11
660,0
661,5
662,3
663,9
664,0
665,15
666,5
667,15
668,0
669,11
670,5
671,15
672,0
673,0
674,15
675,9
676,6
677,0
678,13
679,0
680,1
681,10
682,0
683,6
684,0
685,15
686,11
687,12
688,11
689,0
690,15
691,5
692,0
693,6
694,4
695,11
696,6
697,11
698,15
699,15
700,15
701,5
702,6
703,8
704,0
705,11
706,5
707,11
708,11
709,11
710,13
711,0
712,0
713,0
714,6
715,15
716,15
717,15
718,11
719,15
720,9
721,8
722,9
723,3
724,11
725,5
726,5
727,15
728,9
729,15
730,11
731,15
732,15
733,3
734,9
735,8
736,11
737,8
738,5
739,6
740,15
741,15
742,0
743,3
744,6
745,0
746,15
747,11
748,11
749,9
750,6
751,0
752,0
753,5
754,0
755,11
756,3
757,11
758,5
759,9
760,11
761,15
762,4
763,6
764,4
765,11
766,0
767,9
768,15
769,15
770,15
771,4
772,9
773,0
774,15
775,5
776,0
777,0
778,15
779,0
780,15
781,9
782,11
783,14
784,0
785,5
786,4
787,11
788,0
789,15
790,11
791,11
792,13
793,9
794,11
795,8
796,11
797,10
798,8
799,11
800,0
801,4
802,0
803,5
804,9
805,11
806,11
807,6
808,4
809,15
810,2
811,11
812,11
813,5
814,15
815,0
816,9
817,11
818,0
819,5
820,11
821,11
822,6
823,6
824,15
825,7
826,15
827,6
828,9
829,9
830,0
831,5
832,6
833,15
834,15
835,5
836,6
837,5
838,6
839,15
840,5
841,0
842,5
843,15
844,15
845,11
846,15
847,9
848,11
849,6
850,0
851,11
852,9
853,8
854,14
855,0
856,3
857,0
858,15
859,0
860,0
861,12
862,5
863,6
864,5
865,15
866,5
867,11
868,12
869,3
870,11
871,0
872,12
873,15
874,9
875,15
876,5
877,6
878,15
879,9
880,9
881,1
882,6
883,6
884,11
885,5
886,15
887,5
888,11
889,15
890,2
891,15
892,6
893,0
894,11
895,15
896,14
897,1
898,6
899,9
900,11
901,15
902,1
903,11
904,11
905,11
906,1
907,11
908,11
909,15
910,9
911,3
912,5
913,11
914,11
915,6
916,15
917,6
918,14
919,15
920,11
921,11
922,6
923,5
924,15
925,11
926,6
927,11
928,11
929,12
930,11
931,5
932,11
933,11
934,15
935,11
936,12
937,15
938,5
939,12
940,15
941,14
942,13
943,3
944,9
945,10
946,11
947,15
948,15
949,12
950,15
951,12
952,5
953,15
954,4
955,3
956,15
957,0
958,6
959,11
960,9
961,11
962,6
963,11
964,8
965,9
966,11
967,4
968,15
969,11
970,5
971,15
972,4
973,6
974,15
975,11
976,0
977,11
978,6
979,11
980,0
981,5
982,0
983,4
984,15
985,15
986,0
987,5
988,15
989,6
990,3
991,5
992,11
993,11
994,11
995,11
996,1
997,5
998,0
999,11
1000,0
1001,4
1002,8
1003,8
1004,11
1005,0
1006,15
1007,4
1008,14
1009,11
1010,9
1011,11
1012,11
1013,11
1014,0
1015,5
1016,8
1017,6
1018,11
1019,11
1020,15
1021,0
1022,11
1023,0
1024,0
1025,0
1026,0
1027,2
1028,15
1029,8
1030,8
1031,15
1032,5
1033,3
1034,15
1035,6
1036,11
1037,0
1038,2
1039,4
1040,9
1041,15
1042,0
1043,0
1044,11
1045,11
1046,11
1047,11
1048,0
1049,4
1050,4
1051,5
1052,6
1053,12
1054,11
1055,11
1056,2
1057,11
1058,9
1059,0
1060,5
1061,4
1062,15
1063,6
1064,11
1065,5
1066,3
1067,11
1068,15
1069,5
1070,11
1071,5
1072,15
1073,5
1074,15
1075,15
1076,9
1077,11
1078,0
1079,11
1080,11
1081,0
1082,15
1083,5
1084,15
1085,9
1086,5
1087,15
1088,0
1089,11
1090,0
1091,0
1092,0
1093,6
1094,15
1095,3
1096,11
1097,15
1098,0
1099,14
1100,9
1101,9
1102,0
1103,11
1104,0
1105,15
1106,15
1107,9
1108,11
1109,5
1110,11
1111,2
1112,11
1113,5
1114,9
1115,11
1116,7
1117,9
1118,0
1119,15
1120,11
1121,15
1122,9
1123,15
1124,15
1125,11
1126,11
1127,5
1128,2
1129,8
1130,15
1131,15
1132,15
1133,11
1134,14
1135,9
1136,11
1137,9
1138,0
1139,5
1140,15
1141,15
1142,12
1143,1
1144,15
1145,11
1146,11
1147,5
1148,15
1149,6
1150,15
1151,0
1152,0
1153,6
1154,11
1155,6
1156,1
1157,9
1158,0
1159,4
1160,9
1161,11
1162,0
1163,11
1164,5
1165,11
1166,5
1167,5
1168,15
1169,9
1170,15
1171,9
1172,11
1173,5
1174,4
1175,6
1176,9
1177,12
1178,15
1179,6
1180,11
1181,2
1182,6
1183,9
1184,0
1185,15
1186,0
1187,9
1188,0
1189,11
1190,9
1191,0
1192,14
1193,5
1194,15
1195,0
1196,11
1197,15
1198,5
1199,12
1200,13
1201,8
1202,11
1203,6
1204,3
1205,11
1206,11
1207,0
1208,0
1209,11
1210,5
1211,11
1212,4
1213,0
1214,11
1215,2
1216,9
1217,5
1218,15
1219,13
1220,11
1221,15
1222,13
1223,11
1224,4
1225,15
1226,9
1227,0
1228,0
1229,9
1230,15
1231,12
1232,11
1233,11
1234,5
1235,8
1236,15
1237,0
1238,1
1239,15
1240,12
1241,3
1242,6
1243,0
1244,5
1245,9
1246,0
1247,11
1248,12
1249,15
1250,11
1251,15
1252,0
1253,5
1254,6
1255,2
1256,15
1257,8
1258,8
1259,12
1260,5
1261,15
1262,11
1263,11
1264,0
1265,15
1266,12
1267,6
1268,14
1269,9
1270,5
1271,8
1272,15
1273,0
1274,6
1275,11
1276,4
1277,15
1278,6
1279,9
1280,4
1281,15
1282,11
1283,11
1284,5
1285,4
1286,13
1287,6
1288,14
1289,15
1290,0
1291,5
1292,11
1293,10
1294,1
1295,3
1296,1
1297,9
1298,15
1299,10
1300,0
1301,5
1302,4
1303,11
1304,3
1305,0
1306,11
1307,15
1308,6
1309,13
1310,1
1311,11
1312,11
1313,15
1314,15
1315,13
1316,15
1317,11
1318,12
1319,4
1320,9
1321,0
1322,0
1323,11
1324,0
1325,11
1326,15
1327,0
1328,12
1329,9
1330,3
1331,11
1332,0
1333,0
1334,11
1335,15
1336,11
1337,4
1338,15
1339,11
1340,2
1341,0
1342,15
1343,5
1344,2
1345,0
1346,11
1347,11
1348,5
1349,11
1350,11
1351,11
1352,1
1353,15
1354,11
1355,13
1356,6
1357,11
1358,8
1359,11
1360,0
1361,11
1362,15
1363,15
1364,7
1365,9
1366,8
1367,9
1368,11
1369,13
1370,11
1371,1
1372,0
1373,9
1374,5
1375,11
1376,0
1377,6
1378,9
1379,6
1380,8
1381,11
1382,15
1383,11
1384,11
1385,9
1386,1
1387,11
1388,13
1389,15
1390,15
1391,1
1392,14
1393,5
1394,4
1395,11
1396,11
1397,15
1398,9
1399,15
1400,6
1401,4
1402,6
1403,9
1404,15
1405,15
1406,5
1407,11
1408,11
1409,11
1410,11
1411,11
1412,0
1413,15
1414,5
1415,9
1416,0
1417,1
1418,11
1419,9
1420,15
1421,6
1422,0
1423,15
1424,15
1425,5
1426,0
1427,11
1428,1
1429,11
1430,15
1431,5
1432,15
1433,15
1434,15
1435,11
1436,15
1437,15
1438,11
1439,11
1440,11
1441,12
1442,12
1443,11
1444,3
1445,8
1446,15
1447,8
1448,6
1449,2
1450,15
1451,11
1452,0
1453,11
1454,11
1455,1
1456,9
1457,11
1458,9
1459,9
1460,15
1461,6
1462,0
1463,6
1464,11
1465,15
1466,0
1467,11
1468,15
1469,5
1470,6
1471,6
1472,0
1473,1
1474,4
1475,14
1476,11
1477,15
1478,0
1479,5
1480,15
1481,0
1482,3
1483,15
1484,8
1485,11
1486,4
1487,15
1488,1
1489,0
1490,11
1491,15
1492,15
1493,0
1494,9
1495,11
1496,5
1497,11
1498,0
1499,9
1500,15
1501,15
1502,6
1503,4
1504,5
1505,1
1506,8
1507,15
1508,15
1509,2
1510,12
1511,11
1512,9
1513,11
1514,0
1515,0
1516,0
1517,15
1518,6
1519,15
1520,15
1521,15
1522,15
1523,11
1524,14
1525,8
1526,5
1527,15
1528,11
1529,15
1530,15
1531,0
1532,11
1533,3
1534,15
1535,15
1536,15
1537,3
1538,11
1539,15
1540,5
1541,15
1542,12
1543,15
1544,10
1545,6
1546,10
1547,13
1548,0
1549,3
1550,15
1551,5
1552,15
1553,11
1554,11
1555,4
1556,9
1557,6
1558,5
1559,0
1560,3
1561,8
1562,9
1563,15
1564,5
1565,14
1566,6
1567,11
1568,15
1569,6
1570,14
1571,0
1572,15
1573,5
1574,11
1575,6
1576,15
1577,5
1578,6
1579,6
1580,2
1581,15
1582,5
1583,6
1584,9
1585,0
1586,0
1587,0
1588,6
1589,15
1590,11
1591,11
1592,6
1593,15
1594,2
1595,0
1596,1
1597,6
1598,15
1599,11
1600,11
1601,11
1602,1
1603,0
1604,11
1605,11
1606,9
1607,11
1608,11
1609,5
1610,15
1611,9
1612,9
1613,2
1614,4
1615,6
1616,2
1617,0
1618,3
1619,15
1620,3
1621,11
1622,15
1623,15
1624,11
1625,15
1626,10
1627,0
1628,9
1629,9
1630,0
1631,0
1632,0
1633,0
1634,12
1635,6
1636,11
1637,8
1638,15
1639,15
1640,15
1641,15
1642,2
1643,11
1644,0
1645,12
1646,11
1647,0
1648,6
1649,0
1650,6
1651,13
1652,9
1653,0
1654,15
1655,9
1656,15
1657,15
1658,11
1659,15
1660,12
1661,15
1662,14
1663,0
1664,9
1665,9
1666,6
1667,0
1668,11
1669,6
1670,11
1671,11
1672,0
1673,3
1674,0
1675,6
1676,3
1677,0
1678,11
1679,9
1680,15
1681,11
1682,11
1683,11
1684,0
1685,14
1686,11
1687,10
1688,0
1689,11
1690,1
1691,15
1692,0
1693,6
1694,14
1695,12
1696,0
1697,11
1698,15
1699,11
1700,11
1701,0
1702,0
1703,11
1704,6
1705,0
1706,9
1707,15
1708,9
1709,4
1710,5
1711,15
1712,11
1713,6
1714,11
1715,11
1716,11
1717,15
1718,11
1719,15
1720,15
1721,0
1722,12
1723,0
1724,1
1725,5
1726,0
1727,11
1728,0
1729,15
1730,5
1731,13
1732,15
1733,15
1734,11
1735,4
1736,11
1737,11
1738,11
1739,0
1740,0
1741,9
1742,11
1743,4
1744,9
1745,11
1746,0
1747,6
1748,2
1749,12
1750,0
1751,11
1752,5
1753,5
1754,9
1755,11
1756,0
1757,9
1758,11
1759,2
1760,11
1761,4
1762,11
1763,9
1764,11
1765,11
1766,11
1767,4
1768,15
1769,15
1770,11
1771,4
1772,1
1773,0
1774,15
1775,6
1776,11
1777,5
1778,11
1779,0
1780,15
1781,6
1782,12
1783,12
1784,5
1785,6
1786,15
1787,5
1788,5
1789,2
1790,1
1791,11
1792,12
1793,2
1794,0
1795,11
1796,15
1797,0
1798,0
1799,14
1800,11
1801,3
1802,11
1803,3
1804,11
1805,14
1806,3
1807,11
1808,5
1809,6
1810,5
1811,9
1812,0
1813,0
1814,5
1815,15
1816,10
1817,11
1818,0
1819,12
1820,9
1821,6
1822,11
1823,15
1824,0
1825,0
1826,8
1827,5
1828,5
1829,15
1830,1
1831,11
1832,9
1833,6
1834,11
1835,15
1836,15
1837,6
1838,10
1839,11
1840,11
1841,0
1842,2
1843,15
1844,0
1845,5
1846,12
1847,9
1848,11
1849,13
1850,5
1851,15
1852,11
1853,11
1854,15
1855,11
1856,15
1857,13
1858,12
1859,5
1860,0
1861,15
1862,0
1863,11
1864,2
1865,5
1866,8
1867,15
1868,13
1869,15
1870,5
1871,5
1872,15
1873,15
1874,3
1875,15
1876,11
1877,15
1878,15
1879,9
1880,9
1881,4
1882,11
1883,11
1884,15
1885,5
1886,15
1887,11
1888,15
1889,9
1890,11
1891,6
1892,0
1893,15
1894,6
1895,0
1896,15
1897,14
1898,6
1899,9
1900,0
1901,0
1902,15
1903,11
1904,11
1905,0
1906,8
1907,5
1908,12
1909,15
1910,15
1911,5
1912,0
1913,2
1914,11
1915,14
1916,0
1917,6
1918,15
1919,0
1920,6
1921,10
1922,0
1923,0
1924,2
1925,0
1926,5
1927,8
1928,5
1929,15
1930,12
1931,0
1932,11
1933,15
1934,11
1935,5
1936,0
1937,5
1938,11
1939,2
1940,6
1941,2
1942,11
1943,6
1944,11
1945,11
1946,3
1947,11
1948,15
1949,11
1950,5
1951,12
1952,9
1953,5
1954,6
1955,6
1956,15
1957,12
1958,14
1959,4
1960,15
1961,12
1962,0
1963,2
1964,5
1965,3
1966,9
1967,8
1968,4
1969,11
1970,15
1971,15
1972,11
1973,11
1974,0
1975,15
1976,0
1977,6
1978,6
1979,9
1980,11
1981,15
1982,15
1983,3
1984,7
1985,5
1986,11
1987,0
1988,11
1989,0
1990,14
1991,5
1992,11
1993,11
1994,11
1995,11
1996,11
1997,15
1998,6
1999,8
2000,4
2001,0
2002,6
2003,12
2004,15
2005,15
2006,0
2007,11
2008,3
2009,8
2010,15
2011,11
2012,5
2013,11
2014,15
2015,11
2016,4
2017,15
2018,0
2019,11
2020,15
2021,11
2022,11
2023,4
2024,6
2025,11
2026,11
2027,3
2028,3
2029,15
2030,11
2031,8
2032,9
2033,15
2034,15
2035,15
2036,15
2037,11
2038,9
2039,11
2040,15
2041,2
2042,12
2043,0
2044,15
2045,15
2046,11
2047,8
2048,6
2049,11
2050,9
2051,15
2052,15
2053,0
2054,11
2055,11
2056,15
2057,0
2058,0
2059,11
2060,0
2061,3
2062,12
2063,6
2064,6
2065,14
2066,11
2067,5
2068,0
2069,13
2070,0
2071,5
2072,4
2073,11
2074,0
2075,15
2076,15
2077,0
2078,0
2079,0
2080,12
2081,15
2082,15
2083,15
2084,4
2085,15
2086,6
2087,11
2088,6
2089,0
2090,5
2091,0
2092,15
2093,0
2094,1
2095,4
2096,0
2097,11
2098,11
2099,11
2100,15
2101,11
2102,11
2103,12
2104,0
2105,0
2106,1
2107,6
2108,11
2109,15
2110,4
2111,9
2112,11
2113,6
2114,11
2115,0
2116,0
2117,0
2118,15
2119,5
2120,11
2121,11
2122,11
2123,15
2124,15
2125,0
2126,11
2127,13
2128,5
2129,9
2130,0
2131,0
2132,5
2133,15
2134,11
2135,0
2136,15
2137,15
2138,5
2139,11
2140,5
2141,11
2142,11
2143,4
2144,5
2145,6
2146,3
2147,15
2148,5
2149,0
2150,11
2151,3
2152,11
2153,0
2154,0
2155,12
2156,11
2157,0
2158,11
2159,15
2160,13
2161,1
2162,4
2163,9
2164,11
2165,1
2166,5
2167,6
2168,0
2169,5
2170,6
2171,11
2172,11
2173,3
2174,11
2175,3
2176,4
2177,15
2178,4
2179,4
2180,15
2181,0
2182,11
2183,8
2184,0
2185,0
2186,9
2187,0
2188,6
2189,15
2190,3
2191,11
2192,9
2193,11
2194,6
2195,3
2196,0
2197,15
2198,11
2199,11
2200,13
2201,5
2202,12
2203,5
2204,11
2205,11
2206,0
2207,11
2208,0
2209,14
2210,6
2211,0
2212,11
2213,3
2214,11
2215,15
2216,1
2217,8
2218,11
2219,11
2220,3
2221,15
2222,15
2223,15
2224,15
2225,1
2226,11
2227,1
2228,0
2229,1
2230,12
2231,6
2232,9
2233,0
2234,0
2235,15
2236,6
2237,14
2238,11
2239,15
2240,0
2241,8
2242,15
2243,15
2244,15
2245,15
2246,1
2247,13
2248,8
2249,14
2250,9
2251,15
2252,6
2253,11
2254,11
2255,8
2256,0
2257,11
2258,14
2259,11
2260,6
2261,11
2262,6
2263,0
2264,11
2265,0
2266,11
2267,11
2268,15
2269,2
2270,8
2271,11
2272,11
2273,0
2274,6
2275,8
2276,2
2277,9
2278,15
2279,13
2280,11
2281,15
2282,15
2283,6
2284,12
2285,11
2286,9
2287,0
2288,9
2289,4
2290,0
2291,15
2292,14
2293,15
2294,15
2295,4
2296,5
2297,1
2298,11
2299,0
2300,5
2301,11
2302,6
2303,5
2304,15
2305,11
2306,5
2307,9
2308,15
2309,0
2310,14
2311,10
2312,15
2313,15
2314,5
2315,15
2316,5
2317,0
2318,0
2319,0
2320,0
2321,11
2322,11
2323,11
2324,6
2325,5
2326,4
2327,12
2328,6
2329,6
2330,11
2331,6
2332,5
2333,15
2334,0
2335,11
2336,5
2337,2
2338,2
2339,11
2340,14
2341,0
2342,15
2343,15
2344,6
2345,5
2346,11
2347,8
2348,9
2349,5
2350,0
2351,15
2352,15
2353,11
2354,1
2355,4
2356,11
2357,6
2358,15
2359,2
2360,4
2361,15
2362,13
2363,6
2364,15
2365,11
2366,8
2367,11
2368,15
2369,2
2370,5
2371,11
2372,0
2373,11
2374,0
2375,9
2376,11
2377,14
2378,15
2379,15
2380,5
2381,9
2382,15
2383,11
2384,11
2385,3
2386,0
2387,11
2388,8
2389,11
2390,15
2391,12
2392,0
2393,0
2394,4
2395,4
2396,15
2397,15
2398,11
2399,9
2400,9
2401,15
2402,9
2403,15
2404,4
2405,0
2406,4
2407,2
2408,11
2409,11
2410,6
2411,10
2412,11
2413,11
2414,3
2415,6
2416,5
2417,15
2418,11
2419,15
2420,11
2421,5
2422,12
2423,11
2424,3
2425,0
2426,5
2427,12
2428,0
2429,9
2430,15
2431,15
2432,4
2433,9
2434,0
2435,11
2436,12
2437,15
2438,11
2439,4
2440,15
2441,5
2442,0
2443,11
2444,12
2445,1
2446,15
2447,12
2448,5
2449,15
2450,6
2451,1
2452,11
2453,0
2454,11
2455,15
2456,5
2457,15
2458,4
2459,0
2460,15
2461,14
2462,5
2463,5
2464,1
2465,11
2466,12
2467,15
2468,0
2469,4
2470,11
2471,15
2472,15
2473,15
2474,15
2475,11
2476,11
2477,9
2478,15
2479,5
2480,0
2481,9
2482,0
2483,3
2484,15
2485,15
2486,11
2487,3
2488,11
2489,3
2490,3
2491,11
2492,12
2493,8
2494,11
2495,11
2496,15
2497,3
2498,11
2499,11
2500,11
2501,5
2502,5
2503,1
2504,9
2505,15
2506,3
2507,3
2508,11
2509,11
2510,9
2511,9
2512,4
2513,15
2514,0
2515,11
2516,4
2517,15
2518,5
2519,1
2520,11
2521,15
2522,0
2523,11
2524,11
2525,9
2526,6
2527,9
2528,15
2529,5
2530,15
2531,4
2532,11
2533,9
2534,0
2535,15
2536,15
2537,0
2538,12
2539,6
2540,15
2541,15
2542,15
2543,0
2544,11
2545,6
2546,5
2547,11
2548,15
2549,11
2550,10
2551,15
2552,12
2553,15
2554,10
2555,11
2556,15
2557,6
2558,11
2559,11
2560,15
2561,9
2562,14
2563,15
2564,4
2565,5
2566,11
2567,0
2568,6
2569,11
2570,9
2571,5
2572,8
2573,9
2574,11
2575,11
2576,5
2577,6
2578,5
2579,6
2580,1
2581,14
2582,8
2583,15
2584,6
2585,5
2586,11
2587,9
2588,5
2589,15
2590,14
2591,11
2592,1
2593,15
2594,6
2595,11
2596,11
2597,9
2598,6
2599,0
2600,4
2601,0
2602,15
2603,5
2604,9
2605,15
2606,4
2607,6
2608,11
2609,4
2610,1
2611,5
2612,11
2613,5
2614,9
2615,11
2616,12
2617,0
2618,15
2619,9
2620,14
2621,1
2622,9
2623,15
2624,4
2625,0
2626,4
2627,12
2628,15
2629,15
2630,9
2631,2
2632,1
2633,5
2634,4
2635,11
2636,5
2637,0
2638,9
2639,12
2640,5
2641,0
2642,9
2643,5
2644,0
2645,0
2646,15
2647,8
2648,1
2649,4
2650,0
2651,9
2652,5
2653,3
2654,12
2655,0
2656,15
2657,2
2658,11
2659,15
2660,0
2661,0
2662,11
2663,15
2664,2
2665,11
2666,15
2667,1
2668,5
2669,9
2670,11
2671,11
2672,5
2673,11
2674,0
2675,3
2676,11
2677,6
2678,15
2679,11
2680,0
2681,15
2682,11
2683,0
2684,1
2685,5
2686,6
2687,4
2688,15
2689,15
2690,6
2691,1
2692,3
2693,11
2694,11
2695,0
2696,15
2697,11
2698,9
2699,11
2700,5
2701,6
2702,6
2703,10
2704,4
2705,9
2706,10
2707,6
2708,11
2709,3
2710,6
2711,11
2712,0
2713,4
2714,5
2715,11
2716,11
2717,12
2718,0
2719,5
2720,0
2721,5
2722,9
2723,5
2724,6
2725,9
2726,0
2727,11
2728,5
2729,15
2730,14
2731,11
2732,6
2733,9
2734,0
2735,11
2736,5
2737,6
2738,8
2739,6
2740,6
2741,10
2742,9
2743,5
2744,14
2745,0
2746,15
2747,6
2748,15
2749,11
2750,5
2751,5
2752,5
2753,3
2754,12
2755,11
2756,5
2757,11
2758,15
2759,15
2760,15
2761,15
2762,15
2763,12
2764,11
2765,15
2766,11
2767,0
2768,11
2769,11
2770,8
2771,11
2772,0
2773,0
2774,15
2775,11
2776,9
2777,0
2778,11
2779,4
2780,6
2781,4
2782,9
2783,14
2784,6
2785,11
2786,15
2787,0
2788,15
2789,11
2790,1
2791,5
2792,5
2793,15
2794,9
2795,9
2796,4
2797,0
2798,9
2799,11
2800,11
2801,11
2802,11
2803,15
2804,10
2805,5
2806,15
2807,5
2808,0
2809,9
2810,11
2811,0
2812,1
2813,7
2814,11
2815,15
2816,0
2817,0
2818,4
2819,11
2820,15
2821,8
2822,11
2823,10
2824,15
2825,5
2826,15
2827,15
2828,4
2829,11
2830,0
2831,11
2832,11
2833,0
2834,15
2835,6
2836,4
2837,11
2838,10
2839,5
2840,1
2841,11
2842,15
2843,15
2844,2
2845,4
2846,11
2847,9
2848,0
2849,0
2850,8
2851,11
2852,11
2853,5
2854,11
2855,6
2856,11
2857,0
2858,6
2859,9
2860,5
2861,1
2862,15
2863,9
2864,8
2865,15
2866,11
2867,15
2868,0
2869,15
2870,5
2871,15
2872,6
2873,0
2874,0
2875,12
2876,2
2877,0
2878,5
2879,1
2880,14
2881,11
2882,12
2883,12
2884,11
2885,11
2886,15
2887,13
2888,6
2889,12
2890,0
2891,8
2892,0
2893,1
2894,0
2895,11
2896,1
2897,3
2898,11
2899,11
2900,5
2901,11
2902,15
2903,5
2904,15
2905,0
2906,0
2907,15
2908,10
2909,0
2910,3
2911,15
2912,2
2913,0
2914,15
2915,0
2916,9
2917,5
2918,11
2919,12
2920,3
2921,14
2922,11
2923,0
2924,15
2925,0
2926,0
2927,15
2928,12
2929,11
2930,14
2931,4
2932,5
2933,11
2934,11
2935,6
2936,5
2937,6
2938,12
2939,11
2940,11
2941,15
2942,15
2943,0
2944,11
2945,4
2946,15
2947,11
2948,10
2949,0
2950,0
2951,1
2952,0
2953,0
2954,8
2955,9
2956,12
2957,15
2958,11
2959,15
2960,8
2961,1
2962,6
2963,11
2964,3
2965,15
2966,11
2967,5
2968,6
2969,0
2970,9
2971,15
2972,0
2973,11
2974,15
2975,11
2976,11
2977,4
2978,3
2979,3
2980,15
2981,1
2982,11
2983,5
2984,4
2985,11
2986,15
2987,0
2988,1
2989,15
2990,0
2991,9
2992,15
2993,5
2994,1
2995,15
2996,11
2997,9
2998,5
2999,5
3000,12
3001,12
3002,6
3003,11
3004,13
3005,11
3006,4
3007,5
3008,15
3009,11
3010,15
3011,11
3012,0
3013,11
3014,3
3015,11
3016,8
3017,5
3018,11
3019,14
3020,4
3021,15
3022,0
3023,15
3024,6
3025,15
3026,0
3027,15
3028,11
3029,11
3030,14
3031,15
3032,15
3033,0
3034,11
3035,3
3036,15
3037,8
3038,6
3039,8
3040,14
3041,0
3042,3
3043,6
3044,8
3045,6
3046,6
3047,5
3048,4
3049,6
3050,15
3051,6
3052,11
3053,11
3054,11
3055,1
3056,5
3057,6
3058,15
3059,11
3060,9
3061,11
3062,15
3063,11
3064,8
3065,5
3066,4
3067,15
3068,15
3069,15
3070,6
3071,5
3072,0
3073,6
3074,0
3075,11
3076,5
3077,10
3078,5
3079,15
3080,10
3081,8
3082,15
3083,15
3084,0
3085,11
3086,15
3087,4
3088,15
3089,15
3090,12
3091,9
3092,0
3093,6
3094,11
3095,11
3096,6
3097,11
3098,15
3099,5
3100,9
3101,6
3102,1
3103,5
3104,11
3105,6
3106,3
3107,11
3108,11
3109,6
3110,6
3111,0
3112,3
3113,0
3114,15
3115,0
3116,11
3117,11
3118,8
3119,0
3120,15
3121,9
3122,11
3123,11
3124,14
3125,0
3126,6
3127,11
3128,11
3129,13
3130,2
3131,9
3132,6
3133,15
3134,6
3135,0
3136,11
3137,3
3138,1
3139,11
3140,15
3141,11
3142,15
3143,11
3144,15
3145,11
3146,13
3147,0
3148,15
3149,6
3150,11
3151,6
3152,9
3153,11
3154,5
3155,1
3156,6
3157,15
3158,5
3159,2
3160,15
3161,11
3162,6
3163,11
3164,15
3165,6
3166,0
3167,1
3168,13
3169,15
3170,5
3171,2
3172,11
3173,15
3174,5
3175,8
3176,6
3177,15
3178,15
3179,6
3180,11
3181,15
3182,11
3183,5
3184,0
3185,5
3186,12
3187,11
3188,5
3189,0
3190,15
3191,9
3192,15
3193,11
3194,14
3195,5
3196,0
3197,0
3198,1
3199,9
3200,5
3201,6
3202,5
3203,15
3204,12
3205,5
3206,5
3207,4
3208,11
3209,1
3210,5
3211,6
3212,15
3213,11
3214,3
3215,15
3216,0
3217,11
3218,0
3219,15
3220,11
3221,12
3222,0
3223,5
3224,0
3225,15
3226,15
3227,11
3228,1
3229,14
3230,14
3231,15
3232,11
3233,12
3234,3
3235,5
3236,5
3237,15
3238,13
3239,6
3240,11
3241,12
3242,5
3243,5
3244,5
3245,4
3246,15
3247,15
3248,6
3249,15
3250,0
3251,11
3252,15
3253,12
3254,15
3255,11
3256,15
3257,5
3258,15
3259,11
3260,4
3261,14
3262,11
3263,15
3264,5
3265,9
3266,1
3267,15
3268,12
3269,15
3270,11
3271,9
3272,3
3273,11
3274,6
3275,15
3276,11
3277,9
3278,0
3279,0
3280,9
3281,3
3282,15
3283,0
3284,11
3285,0
3286,15
3287,15
3288,15
3289,4
3290,6
3291,11
3292,5
3293,15
3294,11
3295,15
3296,15
3297,5
3298,11
3299,11
3300,9
3301,15
3302,15
3303,15
3304,11
3305,15
3306,15
3307,11
3308,5
3309,5
3310,11
3311,4
3312,11
3313,0
3314,5
3315,15
3316,15
3317,15
3318,10
3319,11
3320,6
3321,15
3322,11
3323,5
3324,9
3325,5
3326,12
3327,1
3328,0
3329,5
3330,11
3331,0
3332,11
3333,11
3334,15
3335,9
3336,2
3337,11
3338,0
3339,13
3340,15
3341,1
3342,11
3343,4
3344,11
3345,4
3346,0
3347,11
3348,14
3349,5
3350,3
3351,3
3352,11
3353,1
3354,15
3355,9
3356,0
3357,4
3358,15
3359,11
3360,0
3361,0
3362,3
3363,11
3364,15
3365,11
3366,11
3367,15
3368,11
3369,9
3370,6
3371,11
3372,15
3373,15
3374,15
3375,15
3376,0
3377,3
3378,5
3379,0
3380,3
3381,15
3382,15
3383,6
3384,15
3385,11
3386,11
3387,6
3388,0
3389,12
3390,6
3391,0
3392,9
3393,15
3394,5
3395,11
3396,1
3397,5
3398,1
3399,9
3400,5
3401,11
3402,11
3403,0
3404,0
3405,4
3406,0
3407,15
3408,12
3409,15
3410,11
3411,6
3412,9
3413,15
3414,11
3415,14
3416,5
3417,15
3418,15
3419,14
3420,15
3421,11
3422,0
3423,0
3424,3
3425,9
3426,11
3427,11
3428,9
3429,10
3430,1
3431,0
3432,11
3433,11
3434,1
3435,11
3436,0
3437,10
3438,14
3439,11
3440,9
3441,11
3442,5
3443,3
3444,11
3445,4
3446,11
3447,0
3448,6
3449,4
3450,0
3451,1
3452,9
3453,15
3454,14
3455,11
3456,0
3457,6
3458,11
3459,11
3460,11
3461,6
3462,15
3463,5
3464,2
3465,15
3466,11
3467,13
3468,15
3469,15
3470,6
3471,6
3472,6
3473,11
3474,5
3475,11
3476,11
3477,5
3478,6
3479,10
3480,15
3481,5
3482,15
3483,6
3484,11
3485,8
3486,6
3487,9
3488,11
3489,12
3490,0
3491,15
3492,11
3493,11
3494,15
3495,11
3496,15
3497,15
3498,11
3499,11
3500,11
3501,3
3502,11
3503,15
3504,11
3505,15
3506,11
3507,4
3508,0
3509,11
3510,15
3511,0
3512,0
3513,15
3514,0
3515,15
3516,5
3517,11
3518,5
3519,11
3520,11
3521,15
3522,15
3523,5
3524,15
3525,0
3526,15
3527,9
3528,6
3529,0
3530,0
3531,11
3532,2
3533,11
3534,11
3535,4
3536,14
3537,0
3538,0
3539,12
3540,15
3541,15
3542,0
3543,15
3544,6
3545,5
3546,3
3547,15
3548,10
3549,11
3550,0
3551,0
3552,5
3553,11
3554,6
3555,15
3556,15
3557,0
3558,15
3559,4
3560,11
3561,11
3562,8
3563,15
3564,11
3565,0
3566,14
3567,11
3568,11
3569,12
3570,0
3571,14
3572,9
3573,0
3574,5
3575,1
3576,9
3577,13
3578,6
3579,11
3580,0
3581,6
3582,4
3583,13
3584,11
3585,0
3586,11
3587,15
3588,11
3589,14
3590,11
3591,15
3592,0
3593,1
3594,5
3595,3
3596,6
3597,5
3598,9
3599,15
3600,15
3601,5
3602,1
3603,11
3604,6
3605,11
3606,0
3607,15
3608,5
3609,15
3610,0
3611,0
3612,0
3613,0
3614,0
3615,0
3616,0
3617,0
3618,0
3619,0
3620,0
3621,0
3622,0
3623,0
3624,0
3625,0
3626,0
3627,0
3628,0
3629,0
3630,0
3631,0
3632,0
3633,0
3634,0
3635,0
3636,0
3637,0
3638,0
3639,0
3640,0
3641,0
3642,0
3643,0
3644,0
3645,0
3646,0
3647,0
3648,0
3649,0
3650,0
3651,0
3652,0
3653,0
3654,0
3655,0
3656,0
3657,0
3658,0
3659,0
3660,0
3661,0
3662,0
3663,0
3664,0
3665,0
3666,0
3667,0
3668,0
3669,0
3670,0
3671,0
3672,0
3673,0
3674,0
3675,0
3676,0
3677,0
3678,0
3679,0
3680,0
3681,0
3682,0
3683,0
3684,0
3685,0
3686,0
3687,0
3688,0
3689,0
3690,0
3691,0
3692,0
3693,0
3694,0
3695,0
3696,0
3697,0
3698,0
3699,0
3700,0
3701,0
3702,0
3703,0
3704,0
3705,0
3706,0
3707,0
3708,0
3709,0
3710,0
3711,0
3712,0
3713,0
3714,0
3715,0
3716,0
3717,0
3718,0
3719,0
3720,0
3721,0
3722,0
3723,0
3724,0
3725,0
3726,0
3727,0
3728,0
3729,0
3730,0
3731,0
3732,0
3733,0
3734,0
3735,0
3736,0
3737,0
3738,0
3739,0
3740,0
3741,0
3742,0
3743,0
3744,0
3745,0
3746,0
3747,0
3748,0
3749,0
3750,0
3751,0
3752,0
3753,0
3754,0
3755,0
3756,0
3757,0
3758,0
3759,0
3760,0
3761,0
3762,0
3763,0
3764,0
3765,0
3766,0
3767,0
3768,0
3769,0
3770,0
3771,0
3772,0
3773,0
3774,0
3775,0
3776,0
3777,0
3778,0
3779,0
3780,0
3781,0
3782,0
3783,0
3784,0
3785,0
3786,0
3787,0
3788,0
3789,0
3790,0
3791,0
3792,0
3793,0
3794,0
3795,0
3796,0
3797,0
3798,0
3799,0
3800,0
3801,0
3802,0
3803,0
3804,0
3805,0
3806,0
3807,0
3808,0
3809,0
3810,0
3811,0
3812,0
3813,0
3814,0
3815,0
3816,0
3817,0
3818,0
3819,0
3820,0
3821,0
3822,0
3823,0
3824,0
3825,0
3826,0
3827,0
3828,0
3829,0
3830,0
3831,0
3832,0
3833,0
3834,0
3835,0
3836,0
3837,0
3838,0
3839,0
3840,0
3841,0
3842,0
3843,0
3844,0
3845,0
3846,0
3847,0
3848,0
3849,0
3850,0
3851,0
3852,0
3853,0
3854,0
3855,0
3856,0
3857,0
3858,0
3859,0
3860,0
3861,0
3862,0
3863,0
3864,0
3865,0
3866,0
3867,0
3868,0
3869,0
3870,0
3871,0
3872,0
3873,0
3874,0
3875,0
3876,0
3877,0
3878,0
3879,0
3880,0
3881,0
3882,0
3883,0
3884,0
3885,0
3886,0
3887,0
3888,0
3889,0
3890,0
3891,0
3892,0
3893,0
3894,0
3895,0
3896,0
3897,0
3898,0
3899,0
3900,0
3901,0
3902,0
3903,0
3904,0
3905,0
3906,0
3907,0
3908,0
3909,0
3910,0
3911,1
3912,1
3913,1
3914,1
3915,1
3916,1
3917,1
3918,1
3919,1
3920,1
3921,1
3922,1
3923,1
3924,1
3925,1
3926,1
3927,1
3928,1
3929,1
3930,1
3931,1
3932,1
3933,1
3934,1
3935,1
3936,1
3937,1
3938,1
3939,1
3940,1
3941,1
3942,1
3943,1
3944,1
3945,1
3946,1
3947,1
3948,1
3949,1
3950,1
3951,1
3952,1
3953,1
3954,1
3955,1
3956,1
3957,1
3958,1
3959,1
3960,1
3961,1
3962,1
3963,1
3964,1
3965,1
3966,1
3967,1
3968,1
3969,1
3970,1
3971,1
3972,1
3973,1
3974,1
3975,1
3976,1
3977,1
3978,1
3979,1
3980,1
3981,1
3982,1
3983,1
3984,1
3985,1
3986,1
3987,1
3988,1
3989,1
3990,1
3991,1
3992,1
3993,1
3994,1
3995,1
3996,1
3997,1
3998,1
3999,1
4000,1
4001,1
4002,1
4003,1
4004,1
4005,1
4006,1
4007,1
4008,1
4009,1
4010,1
4011,1
4012,1
4013,1
4014,1
4015,1
4016,1
4017,1
4018,1
4019,1
4020,1
4021,1
4022,1
4023,1
4024,1
4025,1
4026,1
4027,1
4028,1
4029,1
4030,1
4031,1
4032,1
4033,1
4034,1
4035,1
4036,1
4037,1
4038,1
4039,1
4040,1
4041,1
4042,1
4043,1
4044,1
4045,1
4046,1
4047,1
4048,1
4049,1
4050,1
4051,1
4052,1
4053,1
4054,1
4055,1
4056,1
4057,1
4058,1
4059,1
4060,1
4061,1
4062,1
4063,1
4064,1
4065,1
4066,1
4067,1
4068,1
4069,1
4070,1
4071,1
4072,1
4073,1
4074,1
4075,1
4076,1
4077,1
4078,1
4079,1
4080,1
4081,1
4082,1
4083,1
4084,1
4085,1
4086,1
4087,1
4088,1
4089,1
4090,1
4091,1
4092,1
4093,1
4094,1
4095,1
4096,1
4097,1
4098,1
4099,1
4100,1
4101,1
4102,1
4103,1
4104,1
4105,1
4106,1
4107,1
4108,1
4109,1
4110,1
4111,1
4112,1
4113,1
4114,1
4115,1
4116,1
4117,1
4118,1
4119,1
4120,1
4121,1
4122,1
4123,1
4124,1
4125,1
4126,1
4127,1
4128,1
4129,1
4130,1
4131,1
4132,1
4133,1
4134,1
4135,1
4136,1
4137,1
4138,1
4139,1
4140,1
4141,1
4142,1
4143,1
4144,1
4145,1
4146,1
4147,1
4148,1
4149,1
4150,1
4151,1
4152,1
4153,1
4154,1
4155,1
4156,1
4157,1
4158,1
4159,1
4160,1
4161,1
4162,1
4163,1
4164,1
4165,1
4166,1
4167,1
4168,1
4169,1
4170,1
4171,1
4172,1
4173,1
4174,1
4175,1
4176,1
4177,1
4178,1
4179,1
4180,1
4181,1
4182,1
4183,1
4184,1
4185,1
4186,1
4187,1
4188,1
4189,1
4190,1
4191,1
4192,1
4193,1
4194,1
4195,1
4196,1
4197,1
4198,1
4199,1
4200,1
4201,1
4202,1
4203,1
4204,1
4205,1
4206,1
4207,1
4208,1
4209,1
4210,1
4211,1
4212,1
4213,1
4214,1
4215,1
4216,1
4217,1
4218,1
4219,1
4220,1
4221,1
4222,1
4223,1
4224,1
4225,1
4226,1
4227,1
4228,1
4229,1
4230,1
4231,1
4232,1
4233,1
4234,1
4235,1
4236,1
4237,1
4238,1
4239,1
4240,1
4241,1
4242,1
4243,1
4244,1
4245,1
4246,1
4247,1
4248,1
4249,1
4250,1
4251,1
4252,1
4253,1
4254,1
4255,1
4256,1
4257,1
4258,1
4259,1
4260,1
4261,1
4262,1
4263,1
4264,1
4265,1
4266,1
4267,1
4268,1
4269,1
4270,1
4271,1
4272,1
4273,1
4274,1
4275,1
4276,1
4277,1
4278,1
4279,1
4280,1
4281,1
4282,1
4283,1
4284,1
4285,1
4286,1
4287,1
4288,1
4289,1
4290,1
4291,1
4292,1
4293,1
4294,1
4295,1
4296,1
4297,1
4298,1
4299,1
4300,1
4301,1
4302,1
4303,1
4304,1
4305,1
4306,1
4307,1
4308,1
4309,1
4310,1
4311,1
4312,1
4313,1
4314,1
4315,1
4316,1
4317,1
4318,1
4319,1
4320,1
4321,1
4322,1
4323,1
4324,1
4325,1
4326,1
4327,1
4328,1
4329,1
4330,1
4331,1
4332,1
4333,1
4334,1
4335,1
4336,1
4337,1
4338,1
4339,1
4340,1
4341,1
4342,1
4343,1
4344,1
4345,1
4346,1
4347,1
4348,1
4349,1
4350,1
4351,1
4352,1
4353,1
4354,1
4355,1
4356,1
4357,1
4358,1
4359,1
4360,1
4361,1
4362,1
4363,1
4364,1
4365,1
4366,1
4367,1
4368,1
4369,1
4370,1
4371,1
4372,1
4373,1
4374,1
4375,1
4376,1
4377,1
4378,1
4379,1
4380,1
4381,1
4382,1
4383,1
4384,1
4385,1
4386,1
4387,1
4388,1
4389,1
4390,1
4391,1
4392,1
4393,1
4394,1
4395,1
4396,1
4397,1
4398,1
4399,1
4400,1
4401,1
4402,1
4403,1
4404,1
4405,1
4406,1
4407,1
4408,1
4409,1
4410,1
4411,1
4412,1
4413,1
4414,1
4415,1
4416,1
4417,1
4418,1
4419,1
4420,1
4421,1
4422,1
4423,1
4424,1
4425,1
4426,1
4427,1
4428,1
4429,1
4430,1
4431,1
4432,1
4433,1
4434,1
4435,1
4436,1
4437,1
4438,1
4439,1
4440,1
4441,1
4442,1
4443,1
4444,1
4445,1
4446,1
4447,1
4448,1
4449,1
4450,1
4451,1
4452,1
4453,1
4454,1
4455,1
4456,1
4457,1
4458,1
4459,1
4460,1
4461,1
4462,1
4463,1
4464,1
4465,1
4466,1
4467,1
4468,1
4469,1
4470,1
4471,1
4472,1
4473,1
4474,1
4475,1
4476,1
4477,1
4478,1
4479,1
4480,1
4481,1
4482,1
4483,1
4484,1
4485,1
4486,1
4487,1
4488,1
4489,1
4490,1
4491,1
4492,1
4493,1
4494,1
4495,1
4496,1
4497,1
4498,1
4499,1
4500,1
4501,1
4502,1
4503,1
4504,1
4505,1
4506,1
4507,1
4508,1
4509,1
4510,1
4511,1
4512,1
4513,1
4514,1
4515,1
4516,1
4517,1
4518,1
4519,1
4520,1
4521,1
4522,1
4523,1
4524,1
4525,1
4526,1
4527,1
4528,1
4529,1
4530,1
4531,1
4532,1
4533,1
4534,1
4535,1
4536,1
4537,1
4538,1
4539,1
4540,1
4541,1
4542,1
4543,1
4544,1
4545,1
4546,1
4547,1
4548,1
4549,1
4550,1
4551,1
4552,1
4553,1
4554,1
4555,1
4556,1
4557,1
4558,1
4559,1
4560,1
4561,1
4562,1
4563,1
4564,1
4565,1
4566,1
4567,1
4568,1
4569,1
4570,1
4571,1
4572,1
4573,1
4574,1
4575,1
4576,1
4577,1
4578,1
4579,1
4580,1
4581,1
4582,1
4583,1
4584,1
4585,1
4586,1
4587,1
4588,1
4589,1
4590,1
4591,1
4592,1
4593,1
4594,1
4595,1
4596,1
4597,1
4598,1
4599,1
4600,1
4601,1
4602,1
4603,1
4604,1
4605,1
4606,1
4607,1
4608,1
4609,1
4610,1
4611,1
4612,1
4613,1
4614,1
4615,1
4616,1
4617,2
4618,2
4619,2
4620,2
4621,2
4622,2
4623,2
4624,2
4625,2
4626,2
4627,2
4628,2
4629,2
4630,2
4631,2
4632,2
4633,2
4634,2
4635,2
4636,2
4637,2
4638,2
4639,2
4640,2
4641,2
4642,2
4643,2
4644,2
4645,2
4646,2
4647,2
4648,2
4649,2
4650,2
4651,2
4652,2
4653,2
4654,2
4655,2
4656,2
4657,2
4658,2
4659,2
4660,2
4661,2
4662,2
4663,2
4664,2
4665,2
4666,2
4667,2
4668,2
4669,2
4670,2
4671,2
4672,2
4673,2
4674,2
4675,2
4676,2
4677,2
4678,2
4679,2
4680,2
4681,2
4682,2
4683,2
4684,2
4685,2
4686,2
4687,2
4688,2
4689,2
4690,2
4691,2
4692,2
4693,2
4694,2
4695,2
4696,2
4697,2
4698,2
4699,2
4700,2
4701,2
4702,2
4703,2
4704,2
4705,2
4706,2
4707,2
4708,2
4709,2
4710,2
4711,2
4712,2
4713,2
4714,2
4715,2
4716,2
4717,2
4718,2
4719,2
4720,2
4721,2
4722,2
4723,2
4724,2
4725,2
4726,2
4727,2
4728,2
4729,2
4730,2
4731,2
4732,2
4733,2
4734,2
4735,2
4736,2
4737,2
4738,2
4739,2
4740,2
4741,2
4742,2
4743,2
4744,2
4745,2
4746,2
4747,2
4748,2
4749,2
4750,2
4751,2
4752,2
4753,2
4754,2
4755,2
4756,2
4757,2
4758,2
4759,2
4760,2
4761,2
4762,2
4763,2
4764,2
4765,2
4766,2
4767,2
4768,2
4769,2
4770,2
4771,2
4772,2
4773,2
4774,2
4775,2
4776,2
4777,2
4778,2
4779,2
4780,2
4781,2
4782,2
4783,2
4784,2
4785,2
4786,2
4787,2
4788,2
4789,2
4790,2
4791,2
4792,2
4793,2
4794,2
4795,2
4796,2
4797,2
4798,2
4799,2
4800,2
4801,2
4802,2
4803,2
4804,2
4805,2
4806,2
4807,2
4808,2
4809,2
4810,2
4811,2
4812,2
4813,2
4814,2
4815,2
4816,2
4817,2
4818,2
4819,2
4820,2
4821,2
4822,2
4823,2
4824,2
4825,2
4826,2
4827,2
4828,2
4829,2
4830,2
4831,2
4832,2
4833,2
4834,2
4835,2
4836,2
4837,2
4838,2
4839,2
4840,2
4841,2
4842,2
4843,2
4844,2
4845,2
4846,2
4847,2
4848,2
4849,2
4850,2
4851,2
4852,2
4853,2
4854,2
4855,2
4856,2
4857,2
4858,2
4859,2
4860,2
4861,2
4862,2
4863,2
4864,2
4865,2
4866,2
4867,2
4868,2
4869,2
4870,2
4871,2
4872,2
4873,2
4874,2
4875,2
4876,2
4877,2
4878,2
4879,2
4880,2
4881,2
4882,2
4883,2
4884,2
4885,2
4886,2
4887,2
4888,2
4889,2
4890,2
4891,2
4892,2
4893,2
4894,2
4895,2
4896,2
4897,2
4898,2
4899,2
4900,2
4901,2
4902,2
4903,2
4904,2
4905,2
4906,2
4907,2
4908,2
4909,2
4910,2
4911,2
4912,2
4913,2
4914,2
4915,2
4916,2
4917,2
4918,2
4919,2
4920,2
4921,2
4922,2
4923,2
4924,2
4925,2
4926,2
4927,2
4928,2
4929,2
4930,2
4931,2
4932,2
4933,2
4934,2
4935,2
4936,2
4937,2
4938,2
4939,2
4940,2
4941,2
4942,2
4943,2
4944,2
4945,2
4946,2
4947,2
4948,2
4949,2
4950,2
4951,2
4952,2
4953,2
4954,2
4955,2
4956,2
4957,2
4958,2
4959,2
4960,2
4961,2
4962,2
4963,2
4964,2
4965,2
4966,2
4967,2
4968,2
4969,2
4970,2
4971,2
4972,2
4973,2
4974,2
4975,2
4976,2
4977,2
4978,2
4979,2
4980,2
4981,2
4982,2
4983,2
4984,2
4985,2
4986,2
4987,2
4988,2
4989,2
4990,2
4991,2
4992,2
4993,2
4994,2
4995,2
4996,2
4997,2
4998,2
4999,2
5000,2
5001,2
5002,2
5003,2
5004,2
5005,2
5006,2
5007,2
5008,2
5009,2
5010,2
5011,2
5012,2
5013,2
5014,2
5015,2
5016,2
5017,2
5018,2
5019,2
5020,2
5021,2
5022,2
5023,2
5024,2
5025,2
5026,2
5027,2
5028,2
5029,2
5030,2
5031,2
5032,2
5033,2
5034,2
5035,2
5036,2
5037,2
5038,2
5039,2
5040,2
5041,2
5042,2
5043,2
5044,2
5045,2
5046,2
5047,2
5048,2
5049,2
5050,2
5051,2
5052,2
5053,2
5054,2
5055,2
5056,2
5057,2
5058,2
5059,2
5060,2
5061,2
5062,2
5063,2
5064,2
5065,2
5066,2
5067,2
5068,2
5069,2
5070,2
5071,2
5072,2
5073,2
5074,2
5075,2
5076,2
5077,2
5078,2
5079,2
5080,2
5081,2
5082,2
5083,2
5084,2
5085,2
5086,2
5087,2
5088,2
5089,2
5090,2
5091,2
5092,2
5093,2
5094,2
5095,2
5096,2
5097,2
5098,2
5099,2
5100,2
5101,2
5102,2
5103,2
5104,2
5105,2
5106,2
5107,2
5108,2
5109,2
5110,2
5111,2
5112,2
5113,2
5114,2
5115,2
5116,2
5117,2
5118,2
5119,2
5120,2
5121,2
5122,2
5123,2
5124,2
5125,2
5126,2
5127,2
5128,2
5129,2
5130,2
5131,2
5132,2
5133,2
5134,2
5135,2
5136,2
5137,2
5138,2
5139,2
5140,2
5141,2
5142,2
5143,2
5144,2
5145,2
5146,2
5147,2
5148,2
5149,2
5150,2
5151,2
5152,2
5153,2
5154,2
5155,2
5156,2
5157,2
5158,2
5159,2
5160,2
5161,2
5162,2
5163,2
5164,2
5165,2
5166,2
5167,2
5168,2
5169,2
5170,2
5171,2
5172,2
5173,2
5174,2
5175,2
5176,2
5177,2
5178,2
5179,2
5180,2
5181,2
5182,2
5183,2
5184,2
5185,2
5186,2
5187,2
5188,2
5189,2
5190,2
5191,2
5192,2
5193,2
5194,2
5195,2
5196,2
5197,2
5198,2
5199,2
5200,2
5201,2
5202,2
5203,2
5204,2
5205,2
5206,2
5207,2
5208,2
5209,2
5210,2
5211,2
5212,2
5213,2
5214,2
5215,2
5216,2
5217,2
5218,2
5219,2
5220,2
5221,2
5222,2
5223,2
5224,2
5225,2
5226,2
5227,2
5228,2
5229,2
5230,2
5231,2
5232,2
5233,2
5234,2
5235,2
5236,2
5237,2
5238,2
5239,2
5240,2
5241,2
5242,2
5243,2
5244,2
5245,2
5246,2
5247,2
5248,2
5249,2
5250,2
5251,2
5252,2
5253,2
5254,2
5255,2
5256,2
5257,2
5258,2
5259,2
5260,2
5261,2
5262,2
5263,2
5264,2
5265,2
5266,2
5267,2
5268,2
5269,2
5270,2
5271,2
5272,2
5273,2
5274,2
5275,2
5276,2
5277,2
5278,2
5279,2
5280,2
5281,2
5282,2
5283,2
5284,2
5285,2
5286,2
5287,2
5288,2
5289,2
5290,2
5291,2
5292,2
5293,2
5294,2
5295,2
5296,2
5297,2
5298,2
5299,2
5300,2
5301,2
5302,2
5303,2
5304,2
5305,2
5306,2
5307,2
5308,2
5309,2
5310,2
5311,2
5312,2
5313,2
5314,2
5315,2
5316,2
5317,2
5318,2
5319,2
5320,2
5321,2
5322,2
5323,2
5324,2
5325,2
5326,2
5327,2
5328,2
5329,2
5330,2
5331,2
5332,2
5333,2
5334,2
5335,2
5336,2
5337,2
5338,2
5339,2
5340,2
5341,2
5342,2
5343,2
5344,2
5345,2
5346,2
5347,2
5348,2
5349,2
5350,2
5351,2
5352,2
5353,2
5354,2
5355,2
5356,2
5357,2
5358,3
5359,3
5360,3
5361,3
5362,3
5363,3
5364,3
5365,3
5366,3
5367,3
5368,3
5369,3
5370,3
5371,3
5372,3
5373,3
5374,3
5375,3
5376,3
5377,3
5378,3
5379,3
5380,3
5381,3
5382,3
5383,3
5384,3
5385,3
5386,3
5387,3
5388,3
5389,3
5390,3
5391,3
5392,3
5393,3
5394,3
5395,3
5396,3
5397,3
5398,3
5399,3
5400,3
5401,3
5402,3
5403,3
5404,3
5405,3
5406,3
5407,3
5408,3
5409,3
5410,3
5411,3
5412,3
5413,3
5414,3
5415,3
5416,3
5417,3
5418,3
5419,3
5420,3
5421,3
5422,3
5423,3
5424,3
5425,3
5426,3
5427,3
5428,3
5429,3
5430,3
5431,3
5432,3
5433,3
5434,3
5435,3
5436,3
5437,3
5438,3
5439,3
5440,3
5441,3
5442,3
5443,3
5444,3
5445,3
5446,3
5447,3
5448,3
5449,3
5450,3
5451,3
5452,3
5453,3
5454,3
5455,3
5456,3
5457,3
5458,3
5459,3
5460,3
5461,3
5462,3
5463,3
5464,3
5465,3
5466,3
5467,3
5468,3
5469,3
5470,3
5471,3
5472,3
5473,3
5474,3
5475,3
5476,3
5477,3
5478,3
5479,3
5480,3
5481,3
5482,3
5483,3
5484,3
5485,3
5486,3
5487,3
5488,3
5489,3
5490,3
5491,3
5492,3
5493,3
5494,3
5495,3
5496,3
5497,3
5498,3
5499,3
5500,3
5501,3
5502,3
5503,3
5504,3
5505,3
5506,3
5507,3
5508,3
5509,3
5510,3
5511,3
5512,3
5513,3
5514,3
5515,3
5516,3
5517,3
5518,3
5519,3
5520,3
5521,3
5522,3
5523,3
5524,3
5525,3
5526,3
5527,3
5528,3
5529,3
5530,3
5531,3
5532,3
5533,3
5534,3
5535,3
5536,3
5537,3
5538,3
5539,3
5540,3
5541,3
5542,3
5543,3
5544,3
5545,3
5546,3
5547,3
5548,3
5549,3
5550,3
5551,3
5552,3
5553,3
5554,3
5555,3
5556,3
5557,3
5558,3
5559,3
5560,3
5561,3
5562,3
5563,3
5564,3
5565,3
5566,3
5567,3
5568,3
5569,3
5570,3
5571,3
5572,3
5573,3
5574,3
5575,3
5576,3
5577,3
5578,3
5579,3
5580,3
5581,3
5582,3
5583,3
5584,3
5585,3
5586,3
5587,3
5588,3
5589,3
5590,3
5591,3
5592,3
5593,3
5594,3
5595,3
5596,3
5597,3
5598,3
5599,3
5600,3
5601,3
5602,3
5603,3
5604,3
5605,3
5606,3
5607,3
5608,3
5609,3
5610,3
5611,3
5612,3
5613,3
5614,3
5615,3
5616,3
5617,3
5618,3
5619,3
5620,3
5621,3
5622,3
5623,3
5624,3
5625,3
5626,3
5627,3
5628,3
5629,3
5630,3
5631,3
5632,3
5633,3
5634,3
5635,3
5636,3
5637,3
5638,3
5639,3
5640,3
5641,3
5642,3
5643,3
5644,3
5645,3
5646,3
5647,3
5648,3
5649,3
5650,3
5651,3
5652,3
5653,3
5654,3
5655,3
5656,3
5657,3
5658,3
5659,3
5660,3
5661,3
5662,3
5663,3
5664,3
5665,3
5666,3
5667,3
5668,3
5669,3
5670,3
5671,3
5672,3
5673,3
5674,3
5675,3
5676,3
5677,3
5678,3
5679,3
5680,3
5681,3
5682,3
5683,3
5684,3
5685,3
5686,3
5687,3
5688,3
5689,3
5690,3
5691,3
5692,3
5693,3
5694,3
5695,3
5696,3
5697,3
5698,3
5699,3
5700,3
5701,3
5702,3
5703,3
5704,3
5705,3
5706,3
5707,3
5708,3
5709,3
5710,3
5711,3
5712,3
5713,3
5714,3
5715,3
5716,3
5717,3
5718,3
5719,3
5720,3
5721,3
5722,3
5723,3
5724,3
5725,3
5726,3
5727,3
5728,3
5729,3
5730,3
5731,3
5732,3
5733,3
5734,3
5735,3
5736,3
5737,3
5738,3
5739,3
5740,3
5741,3
5742,3
5743,3
5744,3
5745,3
5746,3
5747,3
5748,3
5749,3
5750,3
5751,3
5752,3
5753,3
5754,3
5755,3
5756,3
5757,3
5758,3
5759,3
5760,3
5761,3
5762,3
5763,3
5764,3
5765,3
5766,3
5767,3
5768,3
5769,3
5770,3
5771,3
5772,3
5773,3
5774,3
5775,3
5776,3
5777,3
5778,3
5779,3
5780,3
5781,3
5782,3
5783,3
5784,3
5785,3
5786,3
5787,3
5788,3
5789,3
5790,3
5791,3
5792,3
5793,3
5794,3
5795,3
5796,3
5797,3
5798,3
5799,3
5800,3
5801,3
5802,3
5803,3
5804,3
5805,3
5806,3
5807,3
5808,3
5809,3
5810,3
5811,3
5812,3
5813,3
5814,3
5815,3
5816,3
5817,3
5818,3
5819,3
5820,3
5821,3
5822,3
5823,3
5824,3
5825,3
5826,3
5827,3
5828,3
5829,3
5830,3
5831,3
5832,3
5833,3
5834,3
5835,3
5836,3
5837,3
5838,3
5839,3
5840,3
5841,3
5842,3
5843,3
5844,3
5845,3
5846,3
5847,3
5848,3
5849,3
5850,3
5851,3
5852,3
5853,3
5854,3
5855,3
5856,3
5857,3
5858,3
5859,3
5860,3
5861,3
5862,3
5863,3
5864,3
5865,3
5866,3
5867,3
5868,3
5869,3
5870,3
5871,3
5872,3
5873,3
5874,3
5875,3
5876,3
5877,3
5878,3
5879,3
5880,3
5881,3
5882,3
5883,3
5884,3
5885,3
5886,3
5887,3
5888,3
5889,3
5890,3
5891,3
5892,3
5893,3
5894,3
5895,3
5896,3
5897,3
5898,3
5899,3
5900,3
5901,3
5902,3
5903,3
5904,3
5905,3
5906,3
5907,3
5908,3
5909,3
5910,3
5911,3
5912,3
5913,3
5914,3
5915,3
5916,3
5917,3
5918,3
5919,3
5920,3
5921,3
5922,3
5923,3
5924,3
5925,3
5926,3
5927,3
5928,3
5929,3
5930,3
5931,3
5932,3
5933,3
5934,3
5935,3
5936,3
5937,3
5938,3
5939,3
5940,3
5941,3
5942,3
5943,3
5944,3
5945,3
5946,3
5947,3
5948,3
5949,3
5950,3
5951,3
5952,3
5953,3
5954,3
5955,3
5956,3
5957,3
5958,3
5959,3
5960,3
5961,3
5962,3
5963,3
5964,3
5965,3
5966,3
5967,3
5968,3
5969,3
5970,3
5971,3
5972,3
5973,3
5974,3
5975,3
5976,3
5977,3
5978,3
5979,3
5980,3
5981,3
5982,3
5983,3
5984,3
5985,3
5986,3
5987,3
5988,3
5989,3
5990,3
5991,3
5992,3
5993,3
5994,3
5995,3
5996,3
5997,3
5998,3
5999,3
6000,3
6001,3
6002,3
6003,3
6004,3
6005,3
6006,3
6007,3
6008,3
6009,3
6010,3
6011,3
6012,3
6013,3
6014,3
6015,3
6016,3
6017,3
6018,3
6019,3
6020,3
6021,3
6022,3
6023,3
6024,3
6025,3
6026,3
6027,3
6028,3
6029,3
6030,3
6031,3
6032,3
6033,3
6034,3
6035,3
6036,3
6037,3
6038,3
6039,3
6040,3
6041,3
6042,3
6043,3
6044,3
6045,3
6046,3
6047,3
6048,3
6049,3
6050,3
6051,3
6052,3
6053,3
6054,3
6055,3
6056,3
6057,4
6058,4
6059,4
6060,4
6061,4
6062,4
6063,4
6064,4
6065,4
6066,4
6067,4
6068,4
6069,4
6070,4
6071,4
6072,4
6073,4
6074,4
6075,4
6076,4
6077,4
6078,4
6079,4
6080,4
6081,4
6082,4
6083,4
6084,4
6085,4
6086,4
6087,4
6088,4
6089,4
6090,4
6091,4
6092,4
6093,4
6094,4
6095,4
6096,4
6097,4
6098,4
6099,4
6100,4
6101,4
6102,4
6103,4
6104,4
6105,4
6106,4
6107,4
6108,4
6109,4
6110,4
6111,4
6112,4
6113,4
6114,4
6115,4
6116,4
6117,4
6118,4
6119,4
6120,4
6121,4
6122,4
6123,4
6124,4
6125,4
6126,4
6127,4
6128,4
6129,4
6130,4
6131,4
6132,4
6133,4
6134,4
6135,4
6136,4
6137,4
6138,4
6139,4
6140,4
6141,4
6142,4
6143,4
6144,4
6145,4
6146,4
6147,4
6148,4
6149,4
6150,4
6151,4
6152,4
6153,4
6154,4
6155,4
6156,4
6157,4
6158,4
6159,4
6160,4
6161,4
6162,4
6163,4
6164,4
6165,4
6166,4
6167,4
6168,4
6169,4
6170,4
6171,4
6172,4
6173,4
6174,4
6175,4
6176,4
6177,4
6178,4
6179,4
6180,4
6181,4
6182,4
6183,4
6184,4
6185,4
6186,4
6187,4
6188,4
6189,4
6190,4
6191,4
6192,4
6193,4
6194,4
6195,4
6196,4
6197,4
6198,4
6199,4
6200,4
6201,4
6202,4
6203,4
6204,4
6205,4
6206,4
6207,4
6208,4
6209,4
6210,4
6211,4
6212,4
6213,4
6214,4
6215,4
6216,4
6217,4
6218,4
6219,4
6220,4
6221,4
6222,4
6223,4
6224,4
6225,4
6226,4
6227,4
6228,4
6229,4
6230,4
6231,4
6232,4
6233,4
6234,4
6235,4
6236,4
6237,4
6238,4
6239,4
6240,4
6241,4
6242,4
6243,4
6244,4
6245,4
6246,4
6247,4
6248,4
6249,4
6250,4
6251,4
6252,4
6253,4
6254,4
6255,4
6256,4
6257,4
6258,4
6259,4
6260,4
6261,4
6262,4
6263,4
6264,4
6265,4
6266,4
6267,4
6268,4
6269,4
6270,4
6271,4
6272,4
6273,4
6274,4
6275,4
6276,4
6277,4
6278,4
6279,4
6280,4
6281,4
6282,4
6283,4
6284,4
6285,4
6286,4
6287,4
6288,4
6289,4
6290,4
6291,4
6292,4
6293,4
6294,4
6295,4
6296,4
6297,4
6298,4
6299,4
6300,4
6301,4
6302,4
6303,4
6304,4
6305,4
6306,4
6307,4
6308,4
6309,4
6310,4
6311,4
6312,4
6313,4
6314,4
6315,4
6316,4
6317,4
6318,4
6319,4
6320,4
6321,4
6322,4
6323,4
6324,4
6325,4
6326,4
6327,4
6328,4
6329,4
6330,4
6331,4
6332,4
6333,4
6334,4
6335,4
6336,4
6337,4
6338,4
6339,4
6340,4
6341,4
6342,4
6343,4
6344,4
6345,4
6346,4
6347,4
6348,4
6349,4
6350,4
6351,4
6352,4
6353,4
6354,4
6355,4
6356,4
6357,4
6358,4
6359,4
6360,4
6361,4
6362,4
6363,4
6364,4
6365,4
6366,4
6367,4
6368,4
6369,4
6370,4
6371,4
6372,4
6373,4
6374,4
6375,4
6376,4
6377,4
6378,4
6379,4
6380,4
6381,4
6382,4
6383,4
6384,4
6385,4
6386,4
6387,4
6388,4
6389,4
6390,4
6391,4
6392,4
6393,4
6394,4
6395,4
6396,4
6397,4
6398,4
6399,4
6400,4
6401,4
6402,4
6403,4
6404,4
6405,4
6406,4
6407,4
6408,4
6409,4
6410,4
6411,4
6412,4
6413,4
6414,4
6415,4
6416,4
6417,4
6418,4
6419,4
6420,4
6421,4
6422,4
6423,4
6424,4
6425,4
6426,4
6427,4
6428,4
6429,4
6430,4
6431,4
6432,4
6433,4
6434,4
6435,4
6436,4
6437,4
6438,4
6439,4
6440,4
6441,4
6442,4
6443,4
6444,4
6445,4
6446,4
6447,4
6448,4
6449,4
6450,4
6451,4
6452,4
6453,4
6454,4
6455,4
6456,4
6457,4
6458,4
6459,4
6460,4
6461,4
6462,4
6463,4
6464,4
6465,4
6466,4
6467,4
6468,4
6469,4
6470,4
6471,4
6472,4
6473,4
6474,4
6475,4
6476,4
6477,4
6478,4
6479,4
6480,4
6481,4
6482,4
6483,4
6484,4
6485,4
6486,4
6487,4
6488,4
6489,4
6490,4
6491,4
6492,4
6493,4
6494,4
6495,4
6496,4
6497,4
6498,4
6499,4
6500,4
6501,4
6502,4
6503,4
6504,4
6505,4
6506,4
6507,4
6508,4
6509,4
6510,4
6511,4
6512,4
6513,4
6514,4
6515,4
6516,4
6517,4
6518,4
6519,4
6520,4
6521,4
6522,4
6523,4
6524,4
6525,4
6526,4
6527,4
6528,4
6529,4
6530,4
6531,4
6532,4
6533,4
6534,4
6535,4
6536,4
6537,4
6538,4
6539,4
6540,4
6541,4
6542,4
6543,4
6544,4
6545,4
6546,4
6547,4
6548,4
6549,4
6550,4
6551,4
6552,4
6553,4
6554,4
6555,4
6556,4
6557,4
6558,4
6559,4
6560,4
6561,4
6562,4
6563,4
6564,4
6565,4
6566,4
6567,4
6568,4
6569,4
6570,4
6571,4
6572,4
6573,4
6574,4
6575,4
6576,4
6577,4
6578,4
6579,4
6580,4
6581,4
6582,4
6583,4
6584,4
6585,4
6586,4
6587,4
6588,4
6589,4
6590,4
6591,4
6592,4
6593,4
6594,4
6595,4
6596,4
6597,4
6598,4
6599,4
6600,4
6601,4
6602,4
6603,4
6604,4
6605,4
6606,4
6607,4
6608,4
6609,4
6610,4
6611,4
6612,4
6613,4
6614,4
6615,4
6616,4
6617,4
6618,4
6619,4
6620,4
6621,4
6622,4
6623,4
6624,4
6625,4
6626,4
6627,4
6628,4
6629,4
6630,4
6631,4
6632,4
6633,4
6634,4
6635,4
6636,4
6637,4
6638,4
6639,4
6640,4
6641,4
6642,4
6643,4
6644,4
6645,4
6646,4
6647,4
6648,4
6649,4
6650,4
6651,4
6652,4
6653,4
6654,4
6655,4
6656,4
6657,4
6658,4
6659,4
6660,4
6661,4
6662,4
6663,4
6664,4
6665,4
6666,4
6667,4
6668,4
6669,4
6670,4
6671,4
6672,4
6673,4
6674,4
6675,4
6676,4
6677,4
6678,4
6679,4
6680,4
6681,4
6682,4
6683,4
6684,4
6685,4
6686,4
6687,4
6688,4
6689,4
6690,4
6691,4
6692,4
6693,4
6694,4
6695,4
6696,4
6697,4
6698,4
6699,4
6700,4
6701,4
6702,4
6703,4
6704,4
6705,4
6706,4
6707,4
6708,4
6709,4
6710,4
6711,4
6712,4
6713,4
6714,4
6715,4
6716,4
6717,4
6718,4
6719,4
6720,4
6721,4
6722,4
6723,4
6724,4
6725,4
6726,5
6727,5
6728,5
6729,5
6730,5
6731,5
6732,5
6733,5
6734,5
6735,5
6736,5
6737,5
6738,5
6739,5
6740,5
6741,5
6742,5
6743,5
6744,5
6745,5
6746,5
6747,5
6748,5
6749,5
6750,5
6751,5
6752,5
6753,5
6754,5
6755,5
6756,5
6757,5
6758,5
6759,5
6760,5
6761,5
6762,5
6763,5
6764,5
6765,5
6766,5
6767,5
6768,5
6769,5
6770,5
6771,5
6772,5
6773,5
6774,5
6775,5
6776,5
6777,5
6778,5
6779,5
6780,5
6781,5
6782,5
6783,5
6784,5
6785,5
6786,5
6787,5
6788,5
6789,5
6790,5
6791,5
6792,5
6793,5
6794,5
6795,5
6796,5
6797,5
6798,5
6799,5
6800,5
6801,5
6802,5
6803,5
6804,5
6805,5
6806,5
6807,5
6808,5
6809,5
6810,5
6811,5
6812,5
6813,5
6814,5
6815,5
6816,5
6817,5
6818,5
6819,5
6820,5
6821,5
6822,5
6823,5
6824,5
6825,5
6826,5
6827,5
6828,5
6829,5
6830,5
6831,5
6832,5
6833,5
6834,5
6835,5
6836,5
6837,5
6838,5
6839,5
6840,5
6841,5
6842,5
6843,5
6844,5
6845,5
6846,5
6847,5
6848,5
6849,5
6850,5
6851,5
6852,5
6853,5
6854,5
6855,5
6856,5
6857,5
6858,5
6859,5
6860,5
6861,5
6862,5
6863,5
6864,5
6865,5
6866,5
6867,5
6868,5
6869,5
6870,5
6871,5
6872,5
6873,5
6874,5
6875,5
6876,5
6877,5
6878,5
6879,5
6880,5
6881,5
6882,5
6883,5
6884,5
6885,5
6886,5
6887,5
6888,5
6889,5
6890,5
6891,5
6892,5
6893,5
6894,5
6895,5
6896,5
6897,5
6898,5
6899,5
6900,5
6901,5
6902,5
6903,5
6904,5
6905,5
6906,5
6907,5
6908,5
6909,5
6910,5
6911,5
6912,5
6913,5
6914,5
6915,5
6916,5
6917,5
6918,5
6919,5
6920,5
6921,5
6922,5
6923,5
6924,5
6925,5
6926,5
6927,5
6928,5
6929,5
6930,5
6931,5
6932,5
6933,5
6934,5
6935,5
6936,5
6937,5
6938,5
6939,5
6940,5
6941,5
6942,5
6943,5
6944,5
6945,5
6946,5
6947,5
6948,5
6949,5
6950,5
6951,5
6952,5
6953,5
6954,5
6955,5
6956,5
6957,5
6958,5
6959,5
6960,5
6961,5
6962,5
6963,5
6964,5
6965,5
6966,5
6967,5
6968,5
6969,5
6970,5
6971,5
6972,5
6973,5
6974,5
6975,5
6976,5
6977,5
6978,5
6979,5
6980,5
6981,5
6982,5
6983,5
6984,5
6985,5
6986,5
6987,5
6988,5
6989,5
6990,5
6991,5
6992,5
6993,5
6994,5
6995,5
6996,5
6997,5
6998,5
6999,5
7000,5
7001,5
7002,5
7003,5
7004,5
7005,5
7006,5
7007,5
7008,5
7009,5
7010,5
7011,5
7012,5
7013,5
7014,5
7015,5
7016,5
7017,5
7018,5
7019,5
7020,5
7021,5
7022,5
7023,5
7024,5
7025,5
7026,5
7027,5
7028,5
7029,5
7030,5
7031,5
7032,5
7033,5
7034,5
7035,5
7036,5
7037,5
7038,5
7039,5
7040,5
7041,5
7042,5
7043,5
7044,5
7045,5
7046,5
7047,5
7048,5
7049,5
7050,5
7051,5
7052,5
7053,5
7054,5
7055,5
7056,5
7057,5
7058,5
7059,5
7060,5
7061,5
7062,5
7063,5
7064,5
7065,5
7066,5
7067,5
7068,5
7069,5
7070,5
7071,5
7072,5
7073,5
7074,5
7075,5
7076,5
7077,5
7078,5
7079,5
7080,5
7081,5
7082,5
7083,5
7084,5
7085,5
7086,5
7087,5
7088,5
7089,5
7090,5
7091,5
7092,5
7093,5
7094,5
7095,5
7096,5
7097,5
7098,5
7099,5
7100,5
7101,5
7102,5
7103,5
7104,5
7105,5
7106,5
7107,5
7108,5
7109,5
7110,5
7111,5
7112,5
7113,5
7114,5
7115,5
7116,5
7117,5
7118,5
7119,5
7120,5
7121,5
7122,5
7123,5
7124,5
7125,5
7126,5
7127,5
7128,5
7129,5
7130,5
7131,5
7132,5
7133,5
7134,5
7135,5
7136,5
7137,5
7138,5
7139,5
7140,5
7141,5
7142,5
7143,5
7144,5
7145,5
7146,5
7147,5
7148,5
7149,5
7150,5
7151,5
7152,5
7153,5
7154,5
7155,5
7156,5
7157,5
7158,5
7159,5
7160,5
7161,5
7162,5
7163,5
7164,5
7165,5
7166,5
7167,5
7168,5
7169,5
7170,5
7171,5
7172,5
7173,5
7174,5
7175,5
7176,5
7177,5
7178,5
7179,5
7180,5
7181,5
7182,5
7183,5
7184,5
7185,5
7186,5
7187,5
7188,5
7189,5
7190,5
7191,5
7192,5
7193,5
7194,5
7195,5
7196,5
7197,5
7198,5
7199,5
7200,5
7201,5
7202,5
7203,6
7204,6
7205,6
7206,6
7207,6
7208,6
7209,6
7210,6
7211,6
7212,6
7213,6
7214,6
7215,6
7216,6
7217,6
7218,6
7219,6
7220,6
7221,6
7222,6
7223,6
7224,6
7225,6
7226,6
7227,6
7228,6
7229,6
7230,6
7231,6
7232,6
7233,6
7234,6
7235,6
7236,6
7237,6
7238,6
7239,6
7240,6
7241,6
7242,6
7243,6
7244,6
7245,6
7246,6
7247,6
7248,6
7249,6
7250,6
7251,6
7252,6
7253,6
7254,6
7255,6
7256,6
7257,6
7258,6
7259,6
7260,6
7261,6
7262,6
7263,6
7264,6
7265,6
7266,6
7267,6
7268,6
7269,6
7270,6
7271,6
7272,6
7273,6
7274,6
7275,6
7276,6
7277,6
7278,6
7279,6
7280,6
7281,6
7282,6
7283,6
7284,6
7285,6
7286,6
7287,6
7288,6
7289,6
7290,6
7291,6
7292,6
7293,6
7294,6
7295,6
7296,6
7297,6
7298,6
7299,6
7300,6
7301,6
7302,6
7303,6
7304,6
7305,6
7306,6
7307,6
7308,6
7309,6
7310,6
7311,6
7312,6
7313,6
7314,6
7315,6
7316,6
7317,6
7318,6
7319,6
7320,6
7321,6
7322,6
7323,6
7324,6
7325,6
7326,6
7327,6
7328,6
7329,6
7330,6
7331,6
7332,6
7333,6
7334,6
7335,6
7336,6
7337,6
7338,6
7339,6
7340,6
7341,6
7342,6
7343,6
7344,6
7345,6
7346,6
7347,6
7348,6
7349,6
7350,6
7351,6
7352,6
7353,6
7354,6
7355,6
7356,6
7357,6
7358,6
7359,6
7360,6
7361,6
7362,6
7363,6
7364,6
7365,6
7366,6
7367,6
7368,6
7369,6
7370,6
7371,6
7372,6
7373,6
7374,6
7375,6
7376,6
7377,6
7378,6
7379,6
7380,6
7381,6
7382,6
7383,6
7384,6
7385,6
7386,6
7387,6
7388,6
7389,6
7390,6
7391,6
7392,6
7393,6
7394,6
7395,6
7396,6
7397,6
7398,6
7399,6
7400,6
7401,6
7402,6
7403,6
7404,6
7405,6
7406,6
7407,6
7408,6
7409,6
7410,6
7411,6
7412,6
7413,6
7414,6
7415,6
7416,6
7417,6
7418,6
7419,6
7420,6
7421,6
7422,6
7423,6
7424,6
7425,6
7426,6
7427,6
7428,6
7429,6
7430,6
7431,6
7432,6
7433,6
7434,6
7435,6
7436,6
7437,6
7438,6
7439,6
7440,6
7441,6
7442,6
7443,6
7444,6
7445,6
7446,6
7447,6
7448,6
7449,6
7450,6
7451,6
7452,6
7453,6
7454,6
7455,6
7456,6
7457,6
7458,6
7459,6
7460,6
7461,6
7462,6
7463,6
7464,6
7465,6
7466,6
7467,6
7468,6
7469,6
7470,6
7471,6
7472,6
7473,6
7474,6
7475,6
7476,6
7477,6
7478,6
7479,6
7480,6
7481,6
7482,6
7483,6
7484,6
7485,6
7486,6
7487,6
7488,6
7489,6
7490,6
7491,6
7492,6
7493,6
7494,6
7495,6
7496,6
7497,6
7498,6
7499,6
7500,6
7501,6
7502,6
7503,6
7504,6
7505,6
7506,6
7507,6
7508,6
7509,6
7510,6
7511,6
7512,6
7513,6
7514,6
7515,6
7516,6
7517,6
7518,6
7519,6
7520,6
7521,6
7522,6
7523,6
7524,6
7525,6
7526,6
7527,6
7528,6
7529,6
7530,6
7531,6
7532,6
7533,6
7534,6
7535,6
7536,6
7537,6
7538,6
7539,6
7540,6
7541,6
7542,6
7543,6
7544,6
7545,6
7546,6
7547,6
7548,6
7549,6
7550,6
7551,6
7552,6
7553,6
7554,6
7555,6
7556,6
7557,6
7558,6
7559,6
7560,6
7561,6
7562,6
7563,6
7564,6
7565,6
7566,6
7567,6
7568,6
7569,6
7570,6
7571,6
7572,6
7573,6
7574,6
7575,6
7576,6
7577,6
7578,6
7579,6
7580,6
7581,6
7582,6
7583,6
7584,6
7585,6
7586,6
7587,6
7588,6
7589,6
7590,6
7591,6
7592,6
7593,6
7594,6
7595,6
7596,6
7597,6
7598,6
7599,6
7600,6
7601,6
7602,6
7603,6
7604,6
7605,6
7606,6
7607,6
7608,6
7609,6
7610,6
7611,6
7612,6
7613,6
7614,6
7615,6
7616,6
7617,6
7618,6
7619,6
7620,6
7621,6
7622,6
7623,6
7624,6
7625,6
7626,6
7627,6
7628,6
7629,6
7630,6
7631,6
7632,6
7633,6
7634,6
7635,6
7636,6
7637,6
7638,6
7639,6
7640,6
7641,6
7642,6
7643,6
7644,6
7645,6
7646,6
7647,6
7648,6
7649,6
7650,6
7651,6
7652,6
7653,6
7654,6
7655,6
7656,6
7657,6
7658,6
7659,6
7660,6
7661,6
7662,6
7663,6
7664,6
7665,6
7666,6
7667,6
7668,6
7669,6
7670,6
7671,6
7672,6
7673,6
7674,6
7675,6
7676,6
7677,6
7678,6
7679,6
7680,6
7681,6
7682,6
7683,6
7684,6
7685,6
7686,6
7687,6
7688,6
7689,6
7690,6
7691,6
7692,6
7693,6
7694,6
7695,6
7696,6
7697,6
7698,6
7699,6
7700,6
7701,6
7702,6
7703,6
7704,6
7705,6
7706,6
7707,6
7708,6
7709,6
7710,6
7711,6
7712,6
7713,6
7714,6
7715,6
7716,6
7717,6
7718,6
7719,6
7720,6
7721,6
7722,6
7723,6
7724,6
7725,6
7726,6
7727,6
7728,6
7729,6
7730,7
7731,7
7732,7
7733,7
7734,7
7735,7
7736,7
7737,7
7738,7
7739,7
7740,7
7741,7
7742,7
7743,7
7744,7
7745,7
7746,7
7747,7
7748,7
7749,7
7750,7
7751,7
7752,7
7753,7
7754,7
7755,7
7756,7
7757,7
7758,7
7759,7
7760,7
7761,7
7762,7
7763,7
7764,7
7765,7
7766,7
7767,7
7768,7
7769,7
7770,7
7771,7
7772,7
7773,7
7774,7
7775,7
7776,7
7777,7
7778,7
7779,7
7780,7
7781,7
7782,7
7783,7
7784,7
7785,7
7786,7
7787,7
7788,7
7789,7
7790,7
7791,7
7792,7
7793,7
7794,7
7795,7
7796,7
7797,7
7798,7
7799,7
7800,7
7801,7
7802,7
7803,7
7804,7
7805,7
7806,7
7807,7
7808,7
7809,7
7810,7
7811,7
7812,7
7813,7
7814,7
7815,7
7816,7
7817,7
7818,7
7819,7
7820,7
7821,7
7822,7
7823,7
7824,7
7825,7
7826,7
7827,7
7828,7
7829,7
7830,7
7831,7
7832,7
7833,7
7834,7
7835,7
7836,7
7837,7
7838,7
7839,7
7840,7
7841,7
7842,7
7843,7
7844,7
7845,7
7846,7
7847,7
7848,7
7849,7
7850,7
7851,7
7852,7
7853,7
7854,7
7855,7
7856,7
7857,7
7858,7
7859,7
7860,7
7861,7
7862,7
7863,7
7864,7
7865,7
7866,7
7867,7
7868,7
7869,7
7870,7
7871,7
7872,7
7873,7
7874,7
7875,7
7876,7
7877,7
7878,7
7879,7
7880,7
7881,7
7882,7
7883,7
7884,7
7885,7
7886,7
7887,7
7888,7
7889,7
7890,7
7891,7
7892,7
7893,7
7894,7
7895,7
7896,7
7897,7
7898,7
7899,7
7900,7
7901,7
7902,7
7903,7
7904,7
7905,7
7906,7
7907,7
7908,7
7909,7
7910,7
7911,7
7912,7
7913,7
7914,7
7915,7
7916,7
7917,7
7918,7
7919,7
7920,7
7921,7
7922,7
7923,7
7924,7
7925,7
7926,7
7927,7
7928,7
7929,7
7930,7
7931,7
7932,7
7933,7
7934,7
7935,7
7936,7
7937,7
7938,7
7939,7
7940,7
7941,7
7942,7
7943,7
7944,7
7945,7
7946,7
7947,7
7948,7
7949,7
7950,7
7951,7
7952,7
7953,7
7954,7
7955,7
7956,7
7957,7
7958,7
7959,7
7960,7
7961,7
7962,7
7963,7
7964,7
7965,7
7966,7
7967,7
7968,7
7969,7
7970,7
7971,7
7972,7
7973,7
7974,7
7975,7
7976,7
7977,7
7978,7
7979,7
7980,7
7981,7
7982,7
7983,7
7984,7
7985,7
7986,7
7987,7
7988,7
7989,7
7990,7
7991,7
7992,7
7993,7
7994,7
7995,7
7996,7
7997,7
7998,7
7999,7
8000,7
8001,7
8002,7
8003,7
8004,7
8005,7
8006,7
8007,7
8008,7
8009,7
8010,7
8011,7
8012,7
8013,7
8014,7
8015,7
8016,7
8017,7
8018,7
8019,7
8020,7
8021,7
8022,7
8023,7
8024,7
8025,7
8026,7
8027,7
8028,7
8029,7
8030,7
8031,7
8032,7
8033,7
8034,7
8035,7
8036,7
8037,7
8038,7
8039,7
8040,7
8041,7
8042,7
8043,7
8044,7
8045,7
8046,7
8047,7
8048,7
8049,7
8050,7
8051,7
8052,7
8053,7
8054,7
8055,7
8056,7
8057,7
8058,7
8059,7
8060,7
8061,7
8062,7
8063,7
8064,7
8065,7
8066,7
8067,7
8068,7
8069,7
8070,7
8071,7
8072,7
8073,7
8074,7
8075,7
8076,7
8077,7
8078,7
8079,7
8080,7
8081,7
8082,7
8083,7
8084,7
8085,7
8086,7
8087,7
8088,7
8089,7
8090,7
8091,7
8092,7
8093,7
8094,7
8095,7
8096,7
8097,7
8098,7
8099,7
8100,7
8101,7
8102,7
8103,7
8104,7
8105,7
8106,7
8107,7
8108,7
8109,7
8110,7
8111,7
8112,7
8113,7
8114,7
8115,7
8116,7
8117,7
8118,7
8119,7
8120,7
8121,7
8122,7
8123,7
8124,7
8125,7
8126,7
8127,7
8128,7
8129,7
8130,7
8131,7
8132,7
8133,7
8134,7
8135,7
8136,7
8137,7
8138,7
8139,7
8140,7
8141,7
8142,7
8143,7
8144,7
8145,7
8146,7
8147,7
8148,7
8149,7
8150,7
8151,7
8152,7
8153,7
8154,7
8155,7
8156,7
8157,7
8158,7
8159,7
8160,7
8161,7
8162,7
8163,7
8164,7
8165,7
8166,7
8167,7
8168,7
8169,7
8170,7
8171,7
8172,7
8173,7
8174,7
8175,7
8176,7
8177,7
8178,7
8179,7
8180,7
8181,7
8182,7
8183,7
8184,7
8185,7
8186,7
8187,7
8188,7
8189,7
8190,7
8191,7
8192,7
8193,7
8194,7
8195,7
8196,7
8197,7
8198,7
8199,7
8200,7
8201,7
8202,7
8203,7
8204,7
8205,7
8206,7
8207,7
8208,7
8209,7
8210,7
8211,7
8212,7
8213,7
8214,7
8215,7
8216,7
8217,7
8218,7
8219,7
8220,7
8221,7
8222,7
8223,7
8224,7
8225,7
8226,7
8227,7
8228,7
8229,7
8230,7
8231,7
8232,7
8233,7
8234,7
8235,7
8236,7
8237,7
8238,7
8239,7
8240,7
8241,7
8242,7
8243,7
8244,7
8245,7
8246,7
8247,7
8248,7
8249,7
8250,7
8251,7
8252,7
8253,7
8254,7
8255,7
8256,7
8257,7
8258,7
8259,7
8260,7
8261,7
8262,7
8263,7
8264,7
8265,7
8266,7
8267,7
8268,7
8269,7
8270,7
8271,7
8272,7
8273,7
8274,7
8275,7
8276,7
8277,7
8278,7
8279,7
8280,7
8281,7
8282,7
8283,7
8284,7
8285,7
8286,7
8287,7
8288,7
8289,7
8290,7
8291,7
8292,7
8293,7
8294,7
8295,7
8296,7
8297,7
8298,7
8299,7
8300,7
8301,7
8302,7
8303,7
8304,7
8305,7
8306,7
8307,7
8308,7
8309,7
8310,7
8311,7
8312,7
8313,7
8314,7
8315,7
8316,7
8317,7
8318,7
8319,7
8320,7
8321,7
8322,7
8323,7
8324,7
8325,7
8326,7
8327,7
8328,7
8329,7
8330,7
8331,7
8332,7
8333,7
8334,7
8335,7
8336,7
8337,7
8338,7
8339,7
8340,7
8341,7
8342,7
8343,7
8344,7
8345,7
8346,7
8347,7
8348,7
8349,7
8350,7
8351,7
8352,7
8353,7
8354,7
8355,7
8356,7
8357,7
8358,7
8359,7
8360,7
8361,7
8362,7
8363,7
8364,7
8365,7
8366,7
8367,7
8368,7
8369,7
8370,7
8371,7
8372,7
8373,7
8374,7
8375,7
8376,7
8377,7
8378,7
8379,7
8380,7
8381,7
8382,7
8383,7
8384,7
8385,7
8386,7
8387,7
8388,7
8389,7
8390,7
8391,7
8392,7
8393,7
8394,7
8395,7
8396,7
8397,7
8398,7
8399,7
8400,7
8401,7
8402,7
8403,7
8404,7
8405,7
8406,7
8407,7
8408,7
8409,7
8410,7
8411,7
8412,7
8413,7
8414,7
8415,7
8416,7
8417,7
8418,7
8419,7
8420,7
8421,7
8422,7
8423,7
8424,7
8425,7
8426,7
8427,7
8428,7
8429,7
8430,7
8431,7
8432,7
8433,7
8434,7
8435,7
8436,7
8437,7
8438,7
8439,7
8440,7
8441,7
8442,7
8443,7
8444,7
8445,7
8446,7
8447,7
8448,7
8449,7
8450,7
8451,7
8452,7
8453,7
8454,7
8455,7
8456,7
8457,7
8458,7
8459,7
8460,7
8461,7
8462,7
8463,7
8464,7
8465,7
8466,7
8467,7
8468,7
8469,7
8470,7
8471,7
8472,7
8473,7
8474,7
8475,7
8476,7
8477,7
8478,7
8479,7
8480,7
8481,7
8482,7
8483,7
8484,7
8485,7
8486,7
8487,7
8488,7
8489,7
8490,7
8491,7
8492,7
8493,7
8494,7
8495,7
8496,7
8497,7
8498,7
8499,7
8500,7
8501,7
8502,7
8503,7
8504,7
8505,7
8506,7
8507,7
8508,7
8509,7
8510,7
8511,7
8512,7
8513,7
8514,7
8515,7
8516,7
8517,7
8518,7
8519,7
8520,7
8521,7
8522,7
8523,7
8524,7
8525,8
8526,8
8527,8
8528,8
8529,8
8530,8
8531,8
8532,8
8533,8
8534,8
8535,8
8536,8
8537,8
8538,8
8539,8
8540,8
8541,8
8542,8
8543,8
8544,8
8545,8
8546,8
8547,8
8548,8
8549,8
8550,8
8551,8
8552,8
8553,8
8554,8
8555,8
8556,8
8557,8
8558,8
8559,8
8560,8
8561,8
8562,8
8563,8
8564,8
8565,8
8566,8
8567,8
8568,8
8569,8
8570,8
8571,8
8572,8
8573,8
8574,8
8575,8
8576,8
8577,8
8578,8
8579,8
8580,8
8581,8
8582,8
8583,8
8584,8
8585,8
8586,8
8587,8
8588,8
8589,8
8590,8
8591,8
8592,8
8593,8
8594,8
8595,8
8596,8
8597,8
8598,8
8599,8
8600,8
8601,8
8602,8
8603,8
8604,8
8605,8
8606,8
8607,8
8608,8
8609,8
8610,8
8611,8
8612,8
8613,8
8614,8
8615,8
8616,8
8617,8
8618,8
8619,8
8620,8
8621,8
8622,8
8623,8
8624,8
8625,8
8626,8
8627,8
8628,8
8629,8
8630,8
8631,8
8632,8
8633,8
8634,8
8635,8
8636,8
8637,8
8638,8
8639,8
8640,8
8641,8
8642,8
8643,8
8644,8
8645,8
8646,8
8647,8
8648,8
8649,8
8650,8
8651,8
8652,8
8653,8
8654,8
8655,8
8656,8
8657,8
8658,8
8659,8
8660,8
8661,8
8662,8
8663,8
8664,8
8665,8
8666,8
8667,8
8668,8
8669,8
8670,8
8671,8
8672,8
8673,8
8674,8
8675,8
8676,8
8677,8
8678,8
8679,8
8680,8
8681,8
8682,8
8683,8
8684,8
8685,8
8686,8
8687,8
8688,8
8689,8
8690,8
8691,8
8692,8
8693,8
8694,8
8695,8
8696,8
8697,8
8698,8
8699,8
8700,8
8701,8
8702,8
8703,8
8704,8
8705,8
8706,8
8707,8
8708,8
8709,8
8710,8
8711,8
8712,8
8713,8
8714,8
8715,8
8716,8
8717,8
8718,8
8719,8
8720,8
8721,8
8722,8
8723,8
8724,8
8725,8
8726,8
8727,8
8728,8
8729,8
8730,8
8731,8
8732,8
8733,8
8734,8
8735,8
8736,8
8737,8
8738,8
8739,8
8740,8
8741,8
8742,8
8743,8
8744,8
8745,8
8746,8
8747,8
8748,8
8749,8
8750,8
8751,8
8752,8
8753,8
8754,8
8755,8
8756,8
8757,8
8758,8
8759,8
8760,8
8761,8
8762,8
8763,8
8764,8
8765,8
8766,8
8767,8
8768,8
8769,8
8770,8
8771,8
8772,8
8773,8
8774,8
8775,8
8776,8
8777,8
8778,8
8779,8
8780,8
8781,8
8782,8
8783,8
8784,8
8785,8
8786,8
8787,8
8788,8
8789,8
8790,8
8791,8
8792,8
8793,8
8794,8
8795,8
8796,8
8797,8
8798,8
8799,8
8800,8
8801,8
8802,8
8803,8
8804,8
8805,8
8806,8
8807,8
8808,8
8809,8
8810,8
8811,8
8812,8
8813,8
8814,8
8815,8
8816,8
8817,8
8818,8
8819,8
8820,8
8821,8
8822,8
8823,8
8824,8
8825,8
8826,8
8827,8
8828,8
8829,8
8830,8
8831,8
8832,8
8833,8
8834,8
8835,8
8836,8
8837,8
8838,8
8839,8
8840,8
8841,8
8842,8
8843,8
8844,8
8845,8
8846,8
8847,8
8848,8
8849,8
8850,8
8851,8
8852,8
8853,8
8854,8
8855,8
8856,8
8857,8
8858,8
8859,8
8860,8
8861,8
8862,8
8863,8
8864,8
8865,8
8866,8
8867,8
8868,8
8869,8
8870,8
8871,8
8872,8
8873,8
8874,8
8875,8
8876,8
8877,8
8878,8
8879,8
8880,8
8881,8
8882,8
8883,8
8884,8
8885,8
8886,8
8887,8
8888,8
8889,8
8890,8
8891,8
8892,8
8893,8
8894,8
8895,8
8896,8
8897,8
8898,8
8899,8
8900,8
8901,8
8902,8
8903,8
8904,8
8905,8
8906,8
8907,8
8908,8
8909,8
8910,8
8911,8
8912,8
8913,8
8914,8
8915,8
8916,8
8917,8
8918,8
8919,8
8920,8
8921,8
8922,8
8923,8
8924,8
8925,8
8926,8
8927,8
8928,8
8929,8
8930,8
8931,8
8932,8
8933,8
8934,8
8935,8
8936,8
8937,8
8938,8
8939,8
8940,8
8941,8
8942,8
8943,8
8944,8
8945,8
8946,8
8947,8
8948,8
8949,8
8950,8
8951,8
8952,8
8953,8
8954,8
8955,8
8956,8
8957,8
8958,8
8959,8
8960,8
8961,8
8962,8
8963,8
8964,8
8965,8
8966,8
8967,8
8968,8
8969,8
8970,8
8971,8
8972,8
8973,8
8974,8
8975,8
8976,8
8977,8
8978,8
8979,8
8980,8
8981,8
8982,8
8983,8
8984,8
8985,8
8986,8
8987,8
8988,8
8989,8
8990,8
8991,8
8992,8
8993,8
8994,8
8995,8
8996,8
8997,8
8998,8
8999,8
9000,8
9001,8
9002,8
9003,8
9004,8
9005,8
9006,8
9007,8
9008,8
9009,8
9010,8
9011,8
9012,8
9013,8
9014,8
9015,8
9016,8
9017,8
9018,8
9019,8
9020,8
9021,8
9022,8
9023,8
9024,8
9025,8
9026,8
9027,8
9028,8
9029,8
9030,8
9031,8
9032,8
9033,8
9034,8
9035,8
9036,8
9037,8
9038,8
9039,8
9040,8
9041,8
9042,8
9043,8
9044,8
9045,8
9046,8
9047,8
9048,8
9049,8
9050,8
9051,8
9052,8
9053,8
9054,8
9055,8
9056,8
9057,8
9058,8
9059,8
9060,8
9061,8
9062,8
9063,8
9064,8
9065,8
9066,8
9067,8
9068,8
9069,8
9070,8
9071,8
9072,8
9073,8
9074,8
9075,8
9076,8
9077,8
9078,8
9079,8
9080,8
9081,8
9082,8
9083,8
9084,8
9085,8
9086,8
9087,8
9088,8
9089,8
9090,8
9091,8
9092,8
9093,8
9094,8
9095,8
9096,8
9097,8
9098,8
9099,8
9100,8
9101,8
9102,8
9103,8
9104,8
9105,8
9106,8
9107,8
9108,8
9109,8
9110,8
9111,8
9112,8
9113,8
9114,8
9115,8
9116,8
9117,8
9118,8
9119,8
9120,8
9121,8
9122,8
9123,8
9124,8
9125,8
9126,8
9127,8
9128,8
9129,8
9130,8
9131,8
9132,8
9133,8
9134,8
9135,8
9136,8
9137,8
9138,8
9139,8
9140,8
9141,8
9142,8
9143,8
9144,8
9145,8
9146,8
9147,8
9148,8
9149,8
9150,8
9151,8
9152,8
9153,8
9154,8
9155,8
9156,8
9157,8
9158,8
9159,8
9160,8
9161,8
9162,8
9163,8
9164,8
9165,8
9166,8
9167,8
9168,8
9169,8
9170,8
9171,8
9172,8
9173,8
9174,8
9175,8
9176,8
9177,8
9178,8
9179,8
9180,8
9181,8
9182,8
9183,8
9184,8
9185,8
9186,8
9187,8
9188,8
9189,8
9190,8
9191,8
9192,8
9193,8
9194,8
9195,8
9196,8
9197,8
9198,8
9199,8
9200,8
9201,8
9202,8
9203,8
9204,8
9205,8
9206,8
9207,8
9208,8
9209,8
9210,8
9211,8
9212,8
9213,8
9214,8
9215,8
9216,8
9217,8
9218,8
9219,8
9220,8
9221,8
9222,8
9223,8
9224,8
9225,8
9226,8
9227,8
9228,8
9229,8
9230,8
9231,8
9232,8
9233,8
9234,8
9235,8
9236,8
9237,8
9238,8
9239,8
9240,8
9241,8
9242,8
9243,8
9244,9
9245,9
9246,9
9247,9
9248,9
9249,9
9250,9
9251,9
9252,9
9253,9
9254,9
9255,9
9256,9
9257,9
9258,9
9259,9
9260,9
9261,9
9262,9
9263,9
9264,9
9265,9
9266,9
9267,9
9268,9
9269,9
9270,9
9271,9
9272,9
9273,9
9274,9
9275,9
9276,9
9277,9
9278,9
9279,9
9280,9
9281,9
9282,9
9283,9
9284,9
9285,9
9286,9
9287,9
9288,9
9289,9
9290,9
9291,9
9292,9
9293,9
9294,9
9295,9
9296,9
9297,9
9298,9
9299,9
9300,9
9301,9
9302,9
9303,9
9304,9
9305,9
9306,9
9307,9
9308,9
9309,9
9310,9
9311,9
9312,9
9313,9
9314,9
9315,9
9316,9
9317,9
9318,9
9319,9
9320,9
9321,9
9322,9
9323,9
9324,9
9325,9
9326,9
9327,9
9328,9
9329,9
9330,9
9331,9
9332,9
9333,9
9334,9
9335,9
9336,9
9337,9
9338,9
9339,9
9340,9
9341,9
9342,9
9343,9
9344,9
9345,9
9346,9
9347,9
9348,9
9349,9
9350,9
9351,9
9352,9
9353,9
9354,9
9355,9
9356,9
9357,9
9358,9
9359,9
9360,9
9361,9
9362,9
9363,9
9364,9
9365,9
9366,9
9367,9
9368,9
9369,9
9370,9
9371,9
9372,9
9373,9
9374,9
9375,9
9376,9
9377,9
9378,9
9379,9
9380,9
9381,9
9382,9
9383,9
9384,9
9385,9
9386,9
9387,9
9388,9
9389,9
9390,9
9391,9
9392,9
9393,9
9394,9
9395,9
9396,9
9397,9
9398,9
9399,9
9400,9
9401,9
9402,9
9403,9
9404,9
9405,9
9406,9
9407,9
9408,9
9409,9
9410,9
9411,9
9412,9
9413,9
9414,9
9415,9
9416,9
9417,9
9418,9
9419,9
9420,9
9421,9
9422,9
9423,9
9424,9
9425,9
9426,9
9427,9
9428,9
9429,9
9430,9
9431,9
9432,9
9433,9
9434,9
9435,9
9436,9
9437,9
9438,9
9439,9
9440,9
9441,9
9442,9
9443,9
9444,9
9445,9
9446,9
9447,9
9448,9
9449,9
9450,9
9451,9
9452,9
9453,9
9454,9
9455,9
9456,9
9457,9
9458,9
9459,9
9460,9
9461,9
9462,9
9463,9
9464,9
9465,9
9466,9
9467,9
9468,9
9469,9
9470,9
9471,9
9472,9
9473,9
9474,9
9475,9
9476,9
9477,9
9478,9
9479,9
9480,9
9481,9
9482,9
9483,9
9484,9
9485,9
9486,9
9487,9
9488,9
9489,9
9490,9
9491,9
9492,9
9493,9
9494,9
9495,9
9496,9
9497,9
9498,9
9499,9
9500,9
9501,9
9502,9
9503,9
9504,9
9505,9
9506,9
9507,9
9508,9
9509,9
9510,9
9511,9
9512,9
9513,9
9514,9
9515,9
9516,9
9517,9
9518,9
9519,9
9520,9
9521,9
9522,9
9523,9
9524,9
9525,9
9526,9
9527,9
9528,9
9529,9
9530,9
9531,9
9532,9
9533,9
9534,9
9535,9
9536,9
9537,9
9538,9
9539,9
9540,9
9541,9
9542,9
9543,9
9544,9
9545,9
9546,9
9547,9
9548,9
9549,9
9550,9
9551,9
9552,9
9553,9
9554,9
9555,9
9556,9
9557,9
9558,9
9559,9
9560,9
9561,9
9562,9
9563,9
9564,9
9565,9
9566,9
9567,9
9568,9
9569,9
9570,9
9571,9
9572,9
9573,9
9574,9
9575,9
9576,9
9577,9
9578,9
9579,9
9580,9
9581,9
9582,9
9583,9
9584,9
9585,9
9586,9
9587,9
9588,9
9589,9
9590,9
9591,9
9592,9
9593,9
9594,9
9595,9
9596,9
9597,9
9598,9
9599,9
9600,9
9601,9
9602,9
9603,9
9604,9
9605,9
9606,9
9607,9
9608,9
9609,9
9610,9
9611,9
9612,9
9613,9
9614,9
9615,9
9616,9
9617,9
9618,9
9619,9
9620,9
9621,9
9622,9
9623,9
9624,9
9625,9
9626,9
9627,9
9628,9
9629,9
9630,9
9631,9
9632,9
9633,9
9634,9
9635,9
9636,9
9637,9
9638,9
9639,9
9640,9
9641,9
9642,9
9643,9
9644,9
9645,9
9646,9
9647,9
9648,9
9649,9
9650,9
9651,9
9652,9
9653,9
9654,9
9655,9
9656,9
9657,9
9658,9
9659,9
9660,9
9661,9
9662,9
9663,9
9664,9
9665,9
9666,9
9667,9
9668,9
9669,9
9670,9
9671,9
9672,9
9673,9
9674,9
9675,9
9676,9
9677,9
9678,9
9679,9
9680,9
9681,9
9682,9
9683,9
9684,9
9685,9
9686,9
9687,9
9688,9
9689,9
9690,9
9691,9
9692,9
9693,9
9694,9
9695,9
9696,9
9697,9
9698,9
9699,9
9700,9
9701,9
9702,9
9703,9
9704,9
9705,9
9706,9
9707,9
9708,9
9709,9
9710,9
9711,9
9712,9
9713,9
9714,9
9715,9
9716,9
9717,9
9718,9
9719,9
9720,9
9721,9
9722,9
9723,9
9724,9
9725,9
9726,9
9727,9
9728,9
9729,9
9730,9
9731,9
9732,9
9733,9
9734,9
9735,9
9736,9
9737,9
9738,9
9739,9
9740,9
9741,9
9742,9
9743,9
9744,9
9745,9
9746,9
9747,9
9748,9
9749,9
9750,9
9751,9
9752,9
9753,9
9754,9
9755,9
9756,9
9757,9
9758,9
9759,9
9760,9
9761,9
9762,9
9763,9
9764,9
9765,9
9766,9
9767,9
9768,9
9769,9
9770,9
9771,9
9772,9
9773,9
9774,9
9775,9
9776,9
9777,9
9778,9
9779,9
9780,9
9781,9
9782,9
9783,9
9784,9
9785,9
9786,9
9787,9
9788,9
9789,9
9790,9
9791,9
9792,9
9793,9
9794,9
9795,9
9796,9
9797,9
9798,9
9799,9
9800,9
9801,9
9802,9
9803,9
9804,10
9805,10
9806,10
9807,10
9808,10
9809,10
9810,10
9811,10
9812,10
9813,10
9814,10
9815,10
9816,10
9817,10
9818,10
9819,10
9820,10
9821,10
9822,10
9823,10
9824,10
9825,10
9826,10
9827,10
9828,10
9829,10
9830,10
9831,10
9832,10
9833,10
9834,10
9835,10
9836,10
9837,10
9838,10
9839,10
9840,10
9841,10
9842,10
9843,10
9844,10
9845,10
9846,10
9847,10
9848,10
9849,10
9850,10
9851,10
9852,10
9853,10
9854,10
9855,10
9856,10
9857,10
9858,10
9859,10
9860,10
9861,10
9862,10
9863,10
9864,10
9865,10
9866,10
9867,10
9868,10
9869,10
9870,10
9871,10
9872,10
9873,10
9874,10
9875,10
9876,10
9877,10
9878,10
9879,10
9880,10
9881,10
9882,10
9883,10
9884,10
9885,10
9886,10
9887,10
9888,10
9889,10
9890,10
9891,10
9892,10
9893,10
9894,10
9895,10
9896,10
9897,10
9898,10
9899,10
9900,10
9901,10
9902,10
9903,10
9904,10
9905,10
9906,10
9907,10
9908,10
9909,10
9910,10
9911,10
9912,10
9913,10
9914,10
9915,10
9916,10
9917,10
9918,10
9919,10
9920,10
9921,10
9922,10
9923,10
9924,10
9925,10
9926,10
9927,10
9928,10
9929,10
9930,10
9931,10
9932,10
9933,10
9934,10
9935,10
9936,10
9937,10
9938,10
9939,10
9940,10
9941,10
9942,10
9943,10
9944,10
9945,10
9946,10
9947,10
9948,10
9949,10
9950,10
9951,10
9952,10
9953,10
9954,10
9955,10
9956,10
9957,10
9958,10
9959,10
9960,10
9961,10
9962,10
9963,10
9964,10
9965,10
9966,10
9967,10
9968,10
9969,10
9970,10
9971,10
9972,10
9973,10
9974,10
9975,10
9976,10
9977,10
9978,10
9979,10
9980,10
9981,10
9982,10
9983,10
9984,10
9985,10
9986,10
9987,10
9988,10
9989,10
9990,10
9991,10
9992,10
9993,10
9994,10
9995,10
9996,10
9997,10
9998,10
9999,10
10000,10
10001,10
10002,10
10003,10
10004,10
10005,10
10006,10
10007,10
10008,10
10009,10
10010,10
10011,10
10012,10
10013,10
10014,10
10015,10
10016,10
10017,10
10018,10
10019,10
10020,10
10021,10
10022,10
10023,10
10024,10
10025,10
10026,10
10027,10
10028,10
10029,10
10030,10
10031,10
10032,10
10033,10
10034,10
10035,10
10036,10
10037,10
10038,10
10039,10
10040,10
10041,10
10042,10
10043,10
10044,10
10045,10
10046,10
10047,10
10048,10
10049,10
10050,10
10051,10
10052,10
10053,10
10054,10
10055,10
10056,10
10057,10
10058,10
10059,10
10060,10
10061,10
10062,10
10063,10
10064,10
10065,10
10066,10
10067,10
10068,10
10069,10
10070,10
10071,10
10072,10
10073,10
10074,10
10075,10
10076,10
10077,10
10078,10
10079,10
10080,10
10081,10
10082,10
10083,10
10084,10
10085,10
10086,10
10087,10
10088,10
10089,10
10090,10
10091,10
10092,10
10093,10
10094,10
10095,10
10096,10
10097,10
10098,10
10099,10
10100,10
10101,10
10102,10
10103,10
10104,10
10105,10
10106,10
10107,10
10108,10
10109,10
10110,10
10111,10
10112,10
10113,10
10114,10
10115,10
10116,10
10117,10
10118,10
10119,10
10120,10
10121,10
10122,10
10123,10
10124,10
10125,10
10126,10
10127,10
10128,10
10129,10
10130,10
10131,10
10132,10
10133,10
10134,10
10135,10
10136,10
10137,10
10138,10
10139,10
10140,10
10141,10
10142,10
10143,10
10144,10
10145,10
10146,10
10147,10
10148,10
10149,10
10150,10
10151,10
10152,10
10153,10
10154,10
10155,10
10156,10
10157,10
10158,10
10159,10
10160,10
10161,10
10162,10
10163,10
10164,10
10165,10
10166,10
10167,10
10168,10
10169,10
10170,10
10171,10
10172,10
10173,10
10174,10
10175,10
10176,10
10177,10
10178,10
10179,10
10180,10
10181,10
10182,10
10183,10
10184,10
10185,10
10186,10
10187,10
10188,10
10189,10
10190,10
10191,10
10192,10
10193,10
10194,10
10195,10
10196,10
10197,10
10198,10
10199,10
10200,10
10201,10
10202,10
10203,10
10204,10
10205,10
10206,10
10207,10
10208,10
10209,10
10210,10
10211,10
10212,10
10213,10
10214,10
10215,10
10216,10
10217,10
10218,10
10219,10
10220,10
10221,10
10222,10
10223,10
10224,10
10225,10
10226,10
10227,10
10228,10
10229,10
10230,10
10231,10
10232,10
10233,10
10234,10
10235,10
10236,10
10237,10
10238,10
10239,10
10240,10
10241,10
10242,10
10243,10
10244,10
10245,10
10246,10
10247,10
10248,10
10249,10
10250,10
10251,10
10252,10
10253,10
10254,10
10255,10
10256,10
10257,10
10258,10
10259,10
10260,10
10261,10
10262,10
10263,10
10264,10
10265,10
10266,10
10267,10
10268,10
10269,10
10270,10
10271,10
10272,10
10273,10
10274,10
10275,10
10276,10
10277,10
10278,10
10279,10
10280,10
10281,10
10282,10
10283,10
10284,10
10285,10
10286,10
10287,10
10288,10
10289,10
10290,10
10291,10
10292,10
10293,10
10294,10
10295,10
10296,10
10297,10
10298,10
10299,10
10300,10
10301,10
10302,10
10303,10
10304,10
10305,10
10306,10
10307,10
10308,10
10309,10
10310,10
10311,10
10312,10
10313,10
10314,10
10315,10
10316,10
10317,10
10318,10
10319,10
10320,10
10321,10
10322,10
10323,10
10324,10
10325,10
10326,10
10327,10
10328,10
10329,10
10330,10
10331,10
10332,10
10333,10
10334,10
10335,10
10336,10
10337,10
10338,10
10339,10
10340,10
10341,10
10342,10
10343,10
10344,10
10345,10
10346,10
10347,10
10348,10
10349,10
10350,10
10351,10
10352,10
10353,10
10354,10
10355,10
10356,10
10357,10
10358,10
10359,10
10360,10
10361,10
10362,10
10363,10
10364,10
10365,10
10366,10
10367,10
10368,10
10369,10
10370,10
10371,10
10372,10
10373,10
10374,10
10375,10
10376,10
10377,10
10378,10
10379,10
10380,10
10381,10
10382,10
10383,10
10384,10
10385,10
10386,10
10387,10
10388,10
10389,10
10390,10
10391,10
10392,10
10393,10
10394,10
10395,10
10396,10
10397,10
10398,10
10399,10
10400,10
10401,10
10402,10
10403,10
10404,10
10405,10
10406,10
10407,10
10408,10
10409,10
10410,10
10411,10
10412,10
10413,10
10414,10
10415,10
10416,10
10417,10
10418,10
10419,10
10420,10
10421,10
10422,10
10423,10
10424,10
10425,10
10426,10
10427,10
10428,10
10429,10
10430,10
10431,10
10432,10
10433,10
10434,10
10435,10
10436,10
10437,10
10438,10
10439,10
10440,10
10441,10
10442,10
10443,10
10444,10
10445,10
10446,10
10447,10
10448,10
10449,10
10450,10
10451,10
10452,10
10453,10
10454,10
10455,10
10456,10
10457,10
10458,10
10459,10
10460,10
10461,10
10462,10
10463,10
10464,10
10465,10
10466,10
10467,10
10468,10
10469,10
10470,10
10471,10
10472,10
10473,10
10474,10
10475,10
10476,10
10477,10
10478,10
10479,10
10480,10
10481,10
10482,10
10483,10
10484,10
10485,10
10486,10
10487,10
10488,10
10489,10
10490,10
10491,10
10492,10
10493,10
10494,10
10495,10
10496,10
10497,10
10498,10
10499,10
10500,10
10501,10
10502,10
10503,10
10504,10
10505,10
10506,10
10507,10
10508,10
10509,10
10510,10
10511,10
10512,10
10513,10
10514,10
10515,10
10516,10
10517,10
10518,10
10519,10
10520,10
10521,10
10522,10
10523,10
10524,10
10525,10
10526,10
10527,10
10528,10
10529,10
10530,10
10531,10
10532,10
10533,10
10534,10
10535,10
10536,10
10537,10
10538,10
10539,10
10540,10
10541,10
10542,10
10543,10
10544,10
10545,10
10546,10
10547,10
10548,10
10549,10
10550,10
10551,10
10552,10
10553,10
10554,10
10555,10
10556,10
10557,10
10558,10
10559,10
10560,10
10561,10
10562,10
10563,10
10564,10
10565,10
10566,10
10567,10
10568,10
10569,10
10570,10
10571,10
10572,12
10573,12
10574,12
10575,12
10576,12
10577,12
10578,12
10579,12
10580,12
10581,12
10582,12
10583,12
10584,12
10585,12
10586,12
10587,12
10588,12
10589,12
10590,12
10591,12
10592,12
10593,12
10594,12
10595,12
10596,12
10597,12
10598,12
10599,12
10600,12
10601,12
10602,12
10603,12
10604,12
10605,12
10606,12
10607,12
10608,12
10609,12
10610,12
10611,12
10612,12
10613,12
10614,12
10615,12
10616,12
10617,12
10618,12
10619,12
10620,12
10621,12
10622,12
10623,12
10624,12
10625,12
10626,12
10627,12
10628,12
10629,12
10630,12
10631,12
10632,12
10633,12
10634,12
10635,12
10636,12
10637,12
10638,12
10639,12
10640,12
10641,12
10642,12
10643,12
10644,12
10645,12
10646,12
10647,12
10648,12
10649,12
10650,12
10651,12
10652,12
10653,12
10654,12
10655,12
10656,12
10657,12
10658,12
10659,12
10660,12
10661,12
10662,12
10663,12
10664,12
10665,12
10666,12
10667,12
10668,12
10669,12
10670,12
10671,12
10672,12
10673,12
10674,12
10675,12
10676,12
10677,12
10678,12
10679,12
10680,12
10681,12
10682,12
10683,12
10684,12
10685,12
10686,12
10687,12
10688,12
10689,12
10690,12
10691,12
10692,12
10693,12
10694,12
10695,12
10696,12
10697,12
10698,12
10699,12
10700,12
10701,12
10702,12
10703,12
10704,12
10705,12
10706,12
10707,12
10708,12
10709,12
10710,12
10711,12
10712,12
10713,12
10714,12
10715,12
10716,12
10717,12
10718,12
10719,12
10720,12
10721,12
10722,12
10723,12
10724,12
10725,12
10726,12
10727,12
10728,12
10729,12
10730,12
10731,12
10732,12
10733,12
10734,12
10735,12
10736,12
10737,12
10738,12
10739,12
10740,12
10741,12
10742,12
10743,12
10744,12
10745,12
10746,12
10747,12
10748,12
10749,12
10750,12
10751,12
10752,12
10753,12
10754,12
10755,12
10756,12
10757,12
10758,12
10759,12
10760,12
10761,12
10762,12
10763,12
10764,12
10765,12
10766,12
10767,12
10768,12
10769,12
10770,12
10771,12
10772,12
10773,12
10774,12
10775,12
10776,12
10777,12
10778,12
10779,12
10780,12
10781,12
10782,12
10783,12
10784,12
10785,12
10786,12
10787,12
10788,12
10789,12
10790,12
10791,12
10792,12
10793,12
10794,12
10795,12
10796,12
10797,12
10798,12
10799,12
10800,12
10801,12
10802,12
10803,12
10804,12
10805,12
10806,12
10807,12
10808,12
10809,12
10810,12
10811,12
10812,12
10813,12
10814,12
10815,12
10816,12
10817,12
10818,12
10819,12
10820,12
10821,12
10822,12
10823,12
10824,12
10825,12
10826,12
10827,12
10828,12
10829,12
10830,12
10831,12
10832,12
10833,12
10834,12
10835,12
10836,12
10837,12
10838,12
10839,12
10840,12
10841,12
10842,12
10843,12
10844,12
10845,12
10846,12
10847,12
10848,12
10849,12
10850,12
10851,12
10852,12
10853,12
10854,12
10855,12
10856,12
10857,12
10858,12
10859,12
10860,12
10861,12
10862,12
10863,12
10864,12
10865,12
10866,12
10867,12
10868,12
10869,12
10870,12
10871,12
10872,12
10873,12
10874,12
10875,12
10876,12
10877,12
10878,12
10879,12
10880,12
10881,12
10882,12
10883,12
10884,12
10885,12
10886,12
10887,12
10888,12
10889,12
10890,12
10891,12
10892,12
10893,12
10894,12
10895,12
10896,12
10897,12
10898,12
10899,12
10900,12
10901,12
10902,12
10903,12
10904,12
10905,12
10906,12
10907,12
10908,12
10909,12
10910,12
10911,12
10912,12
10913,12
10914,12
10915,12
10916,12
10917,12
10918,12
10919,12
10920,12
10921,12
10922,12
10923,12
10924,12
10925,12
10926,12
10927,12
10928,12
10929,12
10930,12
10931,12
10932,12
10933,12
10934,12
10935,12
10936,12
10937,12
10938,12
10939,12
10940,12
10941,12
10942,12
10943,12
10944,12
10945,12
10946,12
10947,12
10948,12
10949,12
10950,12
10951,12
10952,12
10953,12
10954,12
10955,12
10956,12
10957,12
10958,12
10959,12
10960,12
10961,12
10962,12
10963,12
10964,12
10965,12
10966,12
10967,12
10968,12
10969,12
10970,12
10971,12
10972,12
10973,12
10974,12
10975,12
10976,12
10977,12
10978,12
10979,12
10980,12
10981,12
10982,12
10983,12
10984,12
10985,12
10986,12
10987,12
10988,12
10989,12
10990,12
10991,12
10992,12
10993,12
10994,12
10995,12
10996,12
10997,12
10998,12
10999,12
11000,12
11001,12
11002,12
11003,12
11004,12
11005,12
11006,12
11007,12
11008,12
11009,12
11010,12
11011,12
11012,12
11013,12
11014,12
11015,12
11016,12
11017,12
11018,12
11019,12
11020,12
11021,12
11022,12
11023,12
11024,12
11025,12
11026,12
11027,12
11028,12
11029,12
11030,12
11031,12
11032,12
11033,12
11034,12
11035,12
11036,12
11037,12
11038,12
11039,12
11040,12
11041,12
11042,12
11043,12
11044,12
11045,12
11046,12
11047,12
11048,12
11049,12
11050,12
11051,12
11052,12
11053,12
11054,12
11055,12
11056,12
11057,12
11058,12
11059,12
11060,12
11061,12
11062,12
11063,12
11064,12
11065,12
11066,12
11067,12
11068,12
11069,12
11070,12
11071,12
11072,12
11073,12
11074,12
11075,12
11076,12
11077,12
11078,12
11079,12
11080,12
11081,12
11082,12
11083,12
11084,12
11085,12
11086,12
11087,12
11088,12
11089,12
11090,12
11091,12
11092,12
11093,12
11094,12
11095,12
11096,12
11097,12
11098,12
11099,12
11100,12
11101,12
11102,12
11103,12
11104,12
11105,12
11106,12
11107,12
11108,12
11109,12
11110,12
11111,12
11112,12
11113,12
11114,12
11115,12
11116,12
11117,12
11118,12
11119,12
11120,12
11121,12
11122,12
11123,12
11124,12
11125,12
11126,12
11127,12
11128,12
11129,12
11130,12
11131,12
11132,12
11133,12
11134,12
11135,12
11136,12
11137,12
11138,12
11139,12
11140,12
11141,12
11142,12
11143,12
11144,12
11145,12
11146,12
11147,12
11148,12
11149,12
11150,12
11151,12
11152,12
11153,12
11154,12
11155,12
11156,12
11157,12
11158,12
11159,12
11160,12
11161,12
11162,12
11163,12
11164,12
11165,12
11166,12
11167,12
11168,12
11169,12
11170,12
11171,12
11172,12
11173,12
11174,12
11175,12
11176,12
11177,12
11178,12
11179,12
11180,12
11181,12
11182,12
11183,12
11184,12
11185,12
11186,12
11187,12
11188,12
11189,12
11190,12
11191,12
11192,12
11193,12
11194,12
11195,12
11196,12
11197,12
11198,12
11199,12
11200,12
11201,12
11202,12
11203,12
11204,12
11205,12
11206,12
11207,12
11208,12
11209,12
11210,12
11211,12
11212,12
11213,12
11214,12
11215,12
11216,12
11217,12
11218,12
11219,12
11220,12
11221,12
11222,12
11223,12
11224,12
11225,12
11226,12
11227,12
11228,12
11229,12
11230,12
11231,12
11232,12
11233,12
11234,12
11235,12
11236,12
11237,12
11238,12
11239,12
11240,12
11241,12
11242,12
11243,12
11244,12
11245,12
11246,12
11247,12
11248,12
11249,12
11250,12
11251,12
11252,12
11253,12
11254,12
11255,12
11256,12
11257,12
11258,12
11259,12
11260,12
11261,12
11262,12
11263,12
11264,12
11265,12
11266,12
11267,12
11268,12
11269,12
11270,12
11271,12
11272,13
11273,13
11274,13
11275,13
11276,13
11277,13
11278,13
11279,13
11280,13
11281,13
11282,13
11283,13
11284,13
11285,13
11286,13
11287,13
11288,13
11289,13
11290,13
11291,13
11292,13
11293,13
11294,13
11295,13
11296,13
11297,13
11298,13
11299,13
11300,13
11301,13
11302,13
11303,13
11304,13
11305,13
11306,13
11307,13
11308,13
11309,13
11310,13
11311,13
11312,13
11313,13
11314,13
11315,13
11316,13
11317,13
11318,13
11319,13
11320,13
11321,13
11322,13
11323,13
11324,13
11325,13
11326,13
11327,13
11328,13
11329,13
11330,13
11331,13
11332,13
11333,13
11334,13
11335,13
11336,13
11337,13
11338,13
11339,13
11340,13
11341,13
11342,13
11343,13
11344,13
11345,13
11346,13
11347,13
11348,13
11349,13
11350,13
11351,13
11352,13
11353,13
11354,13
11355,13
11356,13
11357,13
11358,13
11359,13
11360,13
11361,13
11362,13
11363,13
11364,13
11365,13
11366,13
11367,13
11368,13
11369,13
11370,13
11371,13
11372,13
11373,13
11374,13
11375,13
11376,13
11377,13
11378,13
11379,13
11380,13
11381,13
11382,13
11383,13
11384,13
11385,13
11386,13
11387,13
11388,13
11389,13
11390,13
11391,13
11392,13
11393,13
11394,13
11395,13
11396,13
11397,13
11398,13
11399,13
11400,13
11401,13
11402,13
11403,13
11404,13
11405,13
11406,13
11407,13
11408,13
11409,13
11410,13
11411,13
11412,13
11413,13
11414,13
11415,13
11416,13
11417,13
11418,13
11419,13
11420,13
11421,13
11422,13
11423,13
11424,13
11425,13
11426,13
11427,13
11428,13
11429,13
11430,13
11431,13
11432,13
11433,13
11434,13
11435,13
11436,13
11437,13
11438,13
11439,13
11440,13
11441,13
11442,13
11443,13
11444,13
11445,13
11446,13
11447,13
11448,13
11449,13
11450,13
11451,13
11452,13
11453,13
11454,13
11455,13
11456,13
11457,13
11458,13
11459,13
11460,13
11461,13
11462,13
11463,13
11464,13
11465,13
11466,13
11467,13
11468,13
11469,13
11470,13
11471,13
11472,13
11473,13
11474,13
11475,13
11476,13
11477,13
11478,13
11479,13
11480,13
11481,13
11482,13
11483,13
11484,13
11485,13
11486,13
11487,13
11488,13
11489,13
11490,13
11491,13
11492,13
11493,13
11494,13
11495,13
11496,13
11497,13
11498,13
11499,13
11500,13
11501,13
11502,13
11503,13
11504,13
11505,13
11506,13
11507,13
11508,13
11509,13
11510,13
11511,13
11512,13
11513,13
11514,13
11515,13
11516,13
11517,13
11518,13
11519,13
11520,13
11521,13
11522,13
11523,13
11524,13
11525,13
11526,13
11527,13
11528,13
11529,13
11530,13
11531,13
11532,13
11533,13
11534,13
11535,13
11536,13
11537,13
11538,13
11539,13
11540,13
11541,13
11542,13
11543,13
11544,13
11545,13
11546,13
11547,13
11548,13
11549,13
11550,13
11551,13
11552,13
11553,13
11554,13
11555,13
11556,13
11557,13
11558,13
11559,13
11560,13
11561,13
11562,13
11563,13
11564,13
11565,13
11566,13
11567,13
11568,13
11569,13
11570,13
11571,13
11572,13
11573,13
11574,13
11575,13
11576,13
11577,13
11578,13
11579,13
11580,13
11581,13
11582,13
11583,13
11584,13
11585,13
11586,13
11587,13
11588,13
11589,13
11590,13
11591,13
11592,13
11593,13
11594,13
11595,13
11596,13
11597,13
11598,13
11599,13
11600,13
11601,13
11602,13
11603,13
11604,13
11605,13
11606,13
11607,13
11608,13
11609,13
11610,13
11611,13
11612,13
11613,13
11614,13
11615,13
11616,13
11617,13
11618,13
11619,13
11620,13
11621,13
11622,13
11623,13
11624,13
11625,13
11626,13
11627,13
11628,13
11629,13
11630,13
11631,13
11632,13
11633,13
11634,13
11635,13
11636,13
11637,13
11638,13
11639,13
11640,13
11641,13
11642,13
11643,13
11644,13
11645,13
11646,13
11647,13
11648,13
11649,13
11650,13
11651,13
11652,13
11653,13
11654,13
11655,13
11656,13
11657,13
11658,13
11659,13
11660,13
11661,13
11662,13
11663,13
11664,13
11665,13
11666,13
11667,13
11668,13
11669,13
11670,13
11671,13
11672,13
11673,13
11674,13
11675,13
11676,13
11677,13
11678,13
11679,13
11680,13
11681,13
11682,13
11683,13
11684,13
11685,13
11686,13
11687,13
11688,13
11689,13
11690,13
11691,13
11692,13
11693,13
11694,13
11695,13
11696,13
11697,13
11698,13
11699,13
11700,13
11701,13
11702,13
11703,13
11704,13
11705,13
11706,13
11707,13
11708,13
11709,13
11710,13
11711,13
11712,13
11713,13
11714,13
11715,13
11716,13
11717,13
11718,13
11719,13
11720,13
11721,13
11722,13
11723,13
11724,13
11725,13
11726,13
11727,13
11728,13
11729,13
11730,13
11731,13
11732,13
11733,13
11734,13
11735,13
11736,13
11737,13
11738,13
11739,13
11740,13
11741,13
11742,13
11743,13
11744,13
11745,13
11746,13
11747,13
11748,13
11749,13
11750,13
11751,13
11752,13
11753,13
11754,13
11755,13
11756,13
11757,13
11758,13
11759,13
11760,13
11761,13
11762,13
11763,13
11764,13
11765,13
11766,13
11767,13
11768,13
11769,13
11770,13
11771,13
11772,13
11773,13
11774,13
11775,13
11776,13
11777,13
11778,13
11779,13
11780,13
11781,13
11782,13
11783,13
11784,13
11785,13
11786,13
11787,13
11788,13
11789,13
11790,13
11791,13
11792,13
11793,13
11794,13
11795,13
11796,13
11797,13
11798,13
11799,13
11800,13
11801,13
11802,13
11803,13
11804,13
11805,13
11806,13
11807,13
11808,13
11809,13
11810,13
11811,13
11812,13
11813,13
11814,13
11815,13
11816,13
11817,13
11818,13
11819,13
11820,13
11821,13
11822,13
11823,13
11824,13
11825,13
11826,13
11827,13
11828,13
11829,13
11830,13
11831,13
11832,13
11833,13
11834,13
11835,13
11836,13
11837,13
11838,13
11839,13
11840,13
11841,13
11842,13
11843,13
11844,13
11845,13
11846,13
11847,13
11848,13
11849,13
11850,13
11851,13
11852,13
11853,13
11854,13
11855,13
11856,13
11857,13
11858,13
11859,13
11860,13
11861,13
11862,13
11863,13
11864,13
11865,13
11866,13
11867,13
11868,13
11869,13
11870,13
11871,13
11872,13
11873,13
11874,13
11875,13
11876,13
11877,13
11878,13
11879,13
11880,13
11881,13
11882,13
11883,13
11884,13
11885,13
11886,13
11887,13
11888,13
11889,13
11890,13
11891,13
11892,13
11893,13
11894,13
11895,13
11896,13
11897,13
11898,13
11899,13
11900,13
11901,13
11902,13
11903,13
11904,13
11905,13
11906,13
11907,13
11908,13
11909,13
11910,13
11911,13
11912,13
11913,13
11914,13
11915,13
11916,13
11917,13
11918,13
11919,13
11920,13
11921,13
11922,13
11923,13
11924,13
11925,13
11926,13
11927,13
11928,13
11929,13
11930,13
11931,13
11932,13
11933,13
11934,13
11935,13
11936,13
11937,13
11938,13
11939,13
11940,13
11941,13
11942,13
11943,13
11944,13
11945,13
11946,13
11947,13
11948,13
11949,13
11950,13
11951,13
11952,13
11953,13
11954,13
11955,13
11956,13
11957,13
11958,13
11959,13
11960,13
11961,13
11962,13
11963,13
11964,13
11965,13
11966,13
11967,13
11968,13
11969,13
11970,13
11971,13
11972,13
11973,13
11974,13
11975,13
11976,13
11977,13
11978,13
11979,13
11980,13
11981,13
11982,13
11983,13
11984,13
11985,13
11986,13
11987,13
11988,13
11989,13
11990,13
11991,13
11992,13
11993,13
11994,13
11995,13
11996,13
11997,13
11998,13
11999,13
12000,13
12001,13
12002,13
12003,13
12004,13
12005,13
12006,13
12007,13
12008,13
12009,13
12010,13
12011,13
12012,13
12013,13
12014,13
12015,13
12016,13
12017,13
12018,13
12019,13
12020,13
12021,13
12022,13
12023,13
12024,13
12025,13
12026,13
12027,13
12028,13
12029,13
12030,13
12031,13
12032,13
12033,13
12034,14
12035,14
12036,14
12037,14
12038,14
12039,14
12040,14
12041,14
12042,14
12043,14
12044,14
12045,14
12046,14
12047,14
12048,14
12049,14
12050,14
12051,14
12052,14
12053,14
12054,14
12055,14
12056,14
12057,14
12058,14
12059,14
12060,14
12061,14
12062,14
12063,14
12064,14
12065,14
12066,14
12067,14
12068,14
12069,14
12070,14
12071,14
12072,14
12073,14
12074,14
12075,14
12076,14
12077,14
12078,14
12079,14
12080,14
12081,14
12082,14
12083,14
12084,14
12085,14
12086,14
12087,14
12088,14
12089,14
12090,14
12091,14
12092,14
12093,14
12094,14
12095,14
12096,14
12097,14
12098,14
12099,14
12100,14
12101,14
12102,14
12103,14
12104,14
12105,14
12106,14
12107,14
12108,14
12109,14
12110,14
12111,14
12112,14
12113,14
12114,14
12115,14
12116,14
12117,14
12118,14
12119,14
12120,14
12121,14
12122,14
12123,14
12124,14
12125,14
12126,14
12127,14
12128,14
12129,14
12130,14
12131,14
12132,14
12133,14
12134,14
12135,14
12136,14
12137,14
12138,14
12139,14
12140,14
12141,14
12142,14
12143,14
12144,14
12145,14
12146,14
12147,14
12148,14
12149,14
12150,14
12151,14
12152,14
12153,14
12154,14
12155,14
12156,14
12157,14
12158,14
12159,14
12160,14
12161,14
12162,14
12163,14
12164,14
12165,14
12166,14
12167,14
12168,14
12169,14
12170,14
12171,14
12172,14
12173,14
12174,14
12175,14
12176,14
12177,14
12178,14
12179,14
12180,14
12181,14
12182,14
12183,14
12184,14
12185,14
12186,14
12187,14
12188,14
12189,14
12190,14
12191,14
12192,14
12193,14
12194,14
12195,14
12196,14
12197,14
12198,14
12199,14
12200,14
12201,14
12202,14
12203,14
12204,14
12205,14
12206,14
12207,14
12208,14
12209,14
12210,14
12211,14
12212,14
12213,14
12214,14
12215,14
12216,14
12217,14
12218,14
12219,14
12220,14
12221,14
12222,14
12223,14
12224,14
12225,14
12226,14
12227,14
12228,14
12229,14
12230,14
12231,14
12232,14
12233,14
12234,14
12235,14
12236,14
12237,14
12238,14
12239,14
12240,14
12241,14
12242,14
12243,14
12244,14
12245,14
12246,14
12247,14
12248,14
12249,14
12250,14
12251,14
12252,14
12253,14
12254,14
12255,14
12256,14
12257,14
12258,14
12259,14
12260,14
12261,14
12262,14
12263,14
12264,14
12265,14
12266,14
12267,14
12268,14
12269,14
12270,14
12271,14
12272,14
12273,14
12274,14
12275,14
12276,14
12277,14
12278,14
12279,14
12280,14
12281,14
12282,14
12283,14
12284,14
12285,14
12286,14
12287,14
12288,14
12289,14
12290,14
12291,14
12292,14
12293,14
12294,14
12295,14
12296,14
12297,14
12298,14
12299,14
12300,14
12301,14
12302,14
12303,14
12304,14
12305,14
12306,14
12307,14
12308,14
12309,14
12310,14
12311,14
12312,14
12313,14
12314,14
12315,14
12316,14
12317,14
12318,14
12319,14
12320,14
12321,14
12322,14
12323,14
12324,14
12325,14
12326,14
12327,14
12328,14
12329,14
12330,14
12331,14
12332,14
12333,14
12334,14
12335,14
12336,14
12337,14
12338,14
12339,14
12340,14
12341,14
12342,14
12343,14
12344,14
12345,14
12346,14
12347,14
12348,14
12349,14
12350,14
12351,14
12352,14
12353,14
12354,14
12355,14
12356,14
12357,14
12358,14
12359,14
12360,14
12361,14
12362,14
12363,14
12364,14
12365,14
12366,14
12367,14
12368,14
12369,14
12370,14
12371,14
12372,14
12373,14
12374,14
12375,14
12376,14
12377,14
12378,14
12379,14
12380,14
12381,14
12382,14
12383,14
12384,14
12385,14
12386,14
12387,14
12388,14
12389,14
12390,14
12391,14
12392,14
12393,14
12394,14
12395,14
12396,14
12397,14
12398,14
12399,14
12400,14
12401,14
12402,14
12403,14
12404,14
12405,14
12406,14
12407,14
12408,14
12409,14
12410,14
12411,14
12412,14
12413,14
12414,14
12415,14
12416,14
12417,14
12418,14
12419,14
12420,14
12421,14
12422,14
12423,14
12424,14
12425,14
12426,14
12427,14
12428,14
12429,14
12430,14
12431,14
12432,14
12433,14
12434,14
12435,14
12436,14
12437,14
12438,14
12439,14
12440,14
12441,14
12442,14
12443,14
12444,14
12445,14
12446,14
12447,14
12448,14
12449,14
12450,14
12451,14
12452,14
12453,14
12454,14
12455,14
12456,14
12457,14
12458,14
12459,14
12460,14
12461,14
12462,14
12463,14
12464,14
12465,14
12466,14
12467,14
12468,14
12469,14
12470,14
12471,14
12472,14
12473,14
12474,14
12475,14
12476,14
12477,14
12478,14
12479,14
12480,14
12481,14
12482,14
12483,14
12484,14
12485,14
12486,14
12487,14
12488,14
12489,14
12490,14
12491,14
12492,14
12493,14
12494,14
12495,14
12496,14
12497,14
12498,14
12499,14
12500,14
12501,14
12502,14
12503,14
12504,14
12505,14
12506,14
12507,14
12508,14
12509,14
12510,14
12511,14
12512,14
12513,14
12514,14
12515,14
12516,14
12517,14
12518,14
12519,14
12520,14
12521,14
12522,14
12523,14
12524,14
12525,14
12526,14
12527,14
12528,14
12529,14
12530,14
12531,14
12532,14
12533,14
12534,14
12535,14
12536,14
12537,14
12538,14
12539,14
12540,14
12541,14
12542,14
12543,14
12544,14
12545,14
12546,14
12547,14
12548,14
12549,14
12550,14
12551,14
12552,14
12553,14
12554,14
12555,14
12556,14
12557,14
12558,14
12559,14
12560,14
12561,14
12562,14
12563,14
12564,14
12565,14
12566,14
12567,14
12568,14
12569,14
12570,14
12571,14
12572,14
12573,14
12574,14
12575,14
12576,14
12577,14
12578,14
12579,14
12580,14
12581,14
12582,14
12583,14
12584,14
12585,14
12586,14
12587,14
12588,14
12589,14
12590,14
12591,14
12592,14
12593,14
12594,14
12595,14
12596,14
12597,14
12598,14
12599,14
12600,14
12601,14
12602,14
12603,14
12604,14
12605,14
12606,14
12607,14
12608,14
12609,14
12610,14
12611,14
12612,14
12613,14
12614,14
12615,14
12616,14
12617,14
12618,14
12619,14
12620,14
12621,14
12622,14
12623,14
12624,14
12625,14
12626,14
12627,14
12628,14
12629,14
12630,14
12631,14
12632,14
12633,14
12634,14
12635,14
12636,14
12637,14
12638,14
12639,14
12640,14
12641,14
12642,14
12643,14
12644,14
12645,14
12646,14
12647,14
12648,14
12649,14
12650,14
12651,14
12652,14
12653,14
12654,14
12655,14
12656,14
12657,14
12658,14
12659,14
12660,14
12661,14
12662,14
12663,14
12664,14
12665,14
12666,14
12667,14
12668,14
12669,14
12670,14
12671,14
12672,14
12673,14
12674,14
12675,14
12676,14
12677,14
12678,14
12679,14
12680,14
12681,14
12682,14
12683,14
12684,14
12685,14
12686,14
12687,14
12688,14
12689,14
12690,14
12691,14
12692,14
12693,14
12694,14
12695,14
12696,14
12697,14
12698,14
12699,14
12700,14
12701,14
12702,14
12703,14
12704,14
12705,14
12706,14
12707,14
12708,14
12709,14
12710,14
12711,14
12712,14
12713,14
12714,14
12715,14
12716,14
12717,14
12718,14
12719,14
12720,14
12721,14
12722,14
12723,14
12724,14
12725,14
12726,14
12727,14
12728,14
12729,14
12730,14
12731,14
12732,14
12733,14
12734,14
12735,14
12736,14
12737,14
12738,14
12739,14
12740,14
12741,14
12742,14
12743,14
12744,14
12745,14
12746,14
12747,14
12748,14
12749,14
12750,14
12751,14
12752,14
12753,14
12754,14
12755,14
12756,14
12757,14
12758,15
12759,15
12760,15
12761,15
12762,15
12763,15
12764,15
12765,15
12766,15
12767,15
12768,15
12769,15
12770,15
12771,15
12772,15
12773,15
12774,15
12775,15
12776,15
12777,15
12778,15
12779,15
12780,15
12781,15
12782,15
12783,15
12784,15
12785,15
12786,15
12787,15
12788,15
12789,15
12790,15
12791,15
12792,15
12793,15
12794,15
12795,15
12796,15
12797,15
12798,15
12799,15
12800,15
12801,15
12802,15
12803,15
12804,15
12805,15
12806,15
12807,15
12808,15
12809,15
12810,15
12811,15
12812,15
12813,15
12814,15
12815,15
12816,15
12817,15
12818,15
12819,15
12820,15
12821,15
12822,15
12823,15
12824,15
12825,15
12826,15
12827,15
12828,15
12829,15
12830,15
12831,15
12832,15
12833,15
12834,15
12835,15
12836,15
12837,15
12838,15
12839,15
12840,15
12841,15
12842,15
12843,15
12844,15
12845,15
12846,15
12847,15
12848,15
12849,15
12850,15
12851,15
12852,15
12853,15
12854,15
12855,15
12856,15
12857,15
12858,15
12859,15
12860,15
12861,15
12862,15
12863,15
12864,15
12865,15
12866,15
12867,15
12868,15
12869,15
12870,15
12871,15
12872,15
12873,15
12874,15
12875,15
12876,15
12877,15
12878,15
12879,15
